SNOTEL,BEAR RIVER RS,992:UT:SNTL,8777,False,-7,40.8852,-110.8277,2014-11-07,0,0,0.0,0.0
SNOTEL,PARADISE,679:WA:SNTL,5130,False,-8,46.78265,-121.74765,2014-11-07,1,1,0.0,0.0
SNOTEL,GERBER RESERVOIR,945:OR:SNTL,4890,False,-8,42.2062,-121.1334,2014-11-07,,,0.1,0.0
SNOTEL,GUNSIGHT PASS,944:WY:SNTL,9820,False,-7,43.38332,-109.87815,2014-11-07,3,0,0.3,0.1
SNOTEL,LAKEFORK BASIN,567:UT:SNTL,10966,False,-7,40.73783,-110.62087,2014-11-07,4,-1,1.1,0.0
SNOTEL,BEAVER CREEK,328:MT:SNTL,7850,False,-7,44.94966,-111.35852,2014-11-07,,,0.3,0.0
SNOTEL,CAMP JACKSON,383:UT:SNTL,8968,False,-7,37.81333,-109.48723,2014-11-07,1,1,0.0,0.0
SNOTEL,PATTON MEADOWS AM,1241:OR:SNTLT,6780,False,-8,42.24522,-120.60527,2014-11-07,0,-2,,
SNOTEL,SQUAW SPRINGS,1156:UT:SNTL,9105,False,-7,38.4973,-112.00789,2014-11-07,0,0,0.2,0.2
SNOTEL,PINE CREEK PASS,695:ID:SNTL,6720,False,-7,43.56998,-111.21157,2014-11-07,0,,0.1,0.0
SNOTEL,LONG FLAT,592:UT:SNTL,8000,False,-7,37.51283,-113.39682,2014-11-07,,,0.2,-0.4
SNOTEL,RENO HILL,716:WY:SNTL,8400,False,-7,42.57111,-106.08889,2014-11-07,2,0,2.9,0.1
SNOTEL,VACARRO SPRING,1137:NV:SNTL,7836,False,-8,39.44868,-115.98338,2014-11-07,1,0,0.1,-0.1
SNOTEL,SAGE CREEK BASIN,1015:WY:SNTL,7850,True,-7,41.401,-107.25717,2014-11-07,0,0,0.1,-0.1
SNOTEL,CARIBOU SNOW PILLOW,210:AK:MSNT,900,False,-9,65.15,-147.55,,,,,
SNOTEL,RAINY PASS,711:WA:SNTL,4890,False,-8,48.51865,-120.7358,2014-11-07,,,0.0,0.0
SNOTEL,NAVAJO WHISKEY CK,1138:NM:SNTL,9050,False,-7,36.17728,-108.94691,2014-11-07,1,0,0.0,0.0
SNOTEL,FISHER CREEK,480:MT:SNTL,9100,False,-7,45.06235,-109.94488,2014-11-07,10,0,2.3,0.2
SNOTEL,SAND LAKE,731:WY:SNTL,10050,False,-7,41.46257,-106.28107,2014-11-07,10,-1,2.2,0.1
SNOTEL,MORGAN CREEK,639:ID:SNTL,7600,False,-7,44.84263,-114.26897,2014-11-07,0,0,0.1,0.1
SNOTEL,BIGELOW CAMP,343:OR:SNTL,5130,False,-8,42.07875,-123.34393,2014-11-07,,,0.2,-0.1
SNOTEL,COPPER BOTTOM,413:MT:SNTL,5200,False,-7,47.05678,-112.595,2014-11-07,0,0,0.1,0.1
SNOTEL,SALT CREEK FALLS,729:OR:SNTL,4220,False,-8,43.61193,-122.11758,2014-11-07,0,0,0.0,0.0
SNOTEL,WILLOW PARK,870:CO:SNTL,10700,False,-7,40.43254,-105.73337,2014-11-07,1,-2,0.7,0.1
SNOTEL,TWELVEMILE CREEK,835:MT:SNTL,5600,False,-7,46.14287,-114.44755,2014-11-07,0,0,0.1,0.1
SNOTEL,BASE CAMP,314:WY:SNTL,7030,False,-7,43.94583,-110.44677,2014-11-07,1,0,0.2,0.1
SNOTEL,TIZER BASIN,893:MT:SNTL,6880,False,-7,46.34937,-111.85308,2014-11-07,0,0,0.1,0.1
SNOTEL,FORESTDALE CREEK,1049:CA:SNTL,8017,False,-8,38.68245,-119.9597,2014-11-07,0,0,0.0,-0.1
SNOTEL,MARTEN RIDGE,999:WA:SNTL,3520,False,-8,48.76292,-121.69823,2014-11-07,,,0.1,0.0
SNOTEL,JACKSON PEAK,550:ID:SNTL,7070,True,-7,44.05092,-115.44322,2014-11-07,1,-1,0.4,-0.3
SNOTEL,BLACK MESA,1185:CO:SNTL,11580,False,-7,37.78972,-108.18365,2014-11-07,4,0,1.1,0.0
SNOTEL,HOBBLE CREEK,1223:UT:SNTL,7399,False,-7,40.18505,-111.3594,2014-11-07,1,0,0.4,0.1
SNOTEL,POORMAN CREEK,932:MT:SNTL,5100,False,-7,48.12672,-115.62333,2014-11-07,0,0,0.0,0.0
SNOTEL,LIZARD HEAD PASS,586:CO:SNTL,10200,False,-7,37.79926,-107.92426,2014-11-07,1,0,0.5,0.1
SNOTEL,MILK SHAKES,1079:OR:SNTL,5580,False,-8,45.9821,-117.94883,2014-11-07,1,1,0.0,0.0
SNOTEL,MORMON MOUNTAIN,640:AZ:SNTL,7500,False,-7,34.94109,-111.51849,2014-11-07,0,0,0.0,0.0
SNOTEL,MANCOS,905:CO:SNTL,10000,False,-7,37.43087,-108.16954,2014-11-07,0,0,0.0,0.0
SNOTEL,CRATER MEADOWS,425:ID:SNTL,5960,False,-8,46.56306,-115.28833,2014-11-07,3,-2,1.3,-0.4
SNOTEL,WOLF CREEK SUMMIT,874:CO:SNTL,11000,False,-7,37.47922,-106.8017,2014-11-07,8,0,2.1,0.0
SNOTEL,DEADWOOD SUMMIT,439:ID:SNTL,6860,False,-7,44.54483,-115.563,2014-11-07,3,-1,0.9,0.1
SNOTEL,ALBRO LAKE,916:MT:SNTL,8300,False,-7,45.59723,-111.95902,2014-11-07,2,-1,1.2,0.0
SNOTEL,HOPEWELL,532:NM:SNTL,10000,True,-7,36.71631,-106.26348,2014-11-07,2,0,0.6,0.1
SNOTEL,WILLOW CREEK PASS,869:CO:SNTL,9540,False,-7,40.34703,-106.09433,2014-11-07,6,2,1.2,0.0
SNOTEL,WHITE RIVER #1,864:UT:SNTL,8641,False,-7,39.9645,-110.98845,2014-11-07,1,1,0.0,0.0
SNOTEL,CLEAR LAKE,401:OR:SNTL,3810,False,-8,45.18832,-121.6916,2014-11-07,0,0,0.0,0.0
SNOTEL,BISON LAKE,345:CO:SNTL,10880,False,-7,39.76487,-107.35681,2014-11-07,5,-1,1.5,0.0
SNOTEL,MOORE CREEK BRIDGE,1176:AK:SNTL,2250,False,-9,59.58783,-135.2105,2014-11-07,130,123,,
SNOTEL,ESTHER ISLAND,1071:AK:SNTL,50,True,-9,60.798,-148.0857,,,,,
SNOTEL,GRAND TARGHEE,1082:WY:SNTL,9260,False,-7,43.77933,-110.92783,2014-11-07,7,0,2.1,0.2
SNOTEL,DISMAL SWAMP,446:CA:SNTL,7360,False,-8,41.99127,-120.18033,2014-11-07,,,0.0,-0.1
SNOTEL,OLD BATTLE,673:WY:SNTL,10000,False,-7,41.15397,-106.96937,2014-11-07,6,0,1.1,0.0
SNOTEL,EMIGRANT SPRINGS,470:OR:SNTL,3800,False,-8,45.55808,-118.45383,2014-11-07,0,0,0.0,-0.1
SNOTEL,SHEEP CANYON,748:WA:SNTL,3990,False,-8,46.19325,-122.25393,2014-11-07,,,0.0,0.0
SNOTEL,CAYUSE PASS,1085:WA:SNTL,5240,True,-8,46.86954,-121.5343,2014-11-07,,,0.0,0.0
SNOTEL,PINE CREEK,694:UT:SNTL,8790,False,-7,38.88183,-112.24927,2014-11-07,1,-1,0.8,0.1
SNOTEL,LOWER MULCHATNA,1233:AK:SNTL,320,True,-9,58.82001,-156.99064,,,,,
SNOTEL,CHALENDER,1139:AZ:SNTL,7100,False,-7,35.26247,-112.06231,2014-11-07,0,,0.2,0.0
SNOTEL,TV RIDGE AM,1230:OR:SNTL,7050,False,-8,45.39608,-117.38919,,,,,
SNOTEL,HYNDMAN,537:ID:SNTL,7440,False,-7,43.71058,-114.15893,2014-11-07,3,1,0.9,0.1
SNOTEL,SIGNAL PEAK,755:NM:SNTL,8360,False,-7,32.92401,-108.14538,2014-11-07,0,0,0.0,0.0
SNOTEL,GRANITE CRK,963:AK:SNTL,1240,True,-9,63.94382,-145.39993,2014-11-07,8,0,1.6,0.0
SNOTEL,TAYLOR CANYON,811:NV:SNTL,6200,False,-8,41.22933,-116.02883,2014-11-07,1,-1,0.0,0.0
SNOTEL,NIWOT,663:CO:SNTL,9910,False,-7,40.03523,-105.54426,2014-11-07,,,0.2,0.0
SNOTEL,JAKES CREEK,1211:NV:SNTLT,7000,False,-8,41.5687,-115.0324,2014-11-07,0,0,,
SNOTEL,HOLLAND MEADOWS,529:OR:SNTL,4930,False,-8,43.66917,-122.56877,2014-11-07,0,0,0.0,0.0
SNOTEL,PORT GRAHAM,987:AK:SNTL,300,True,-9,59.35065,-151.84768,2014-11-07,0,0,0.5,0.5
SNOTEL,JOE WRIGHT,551:CO:SNTL,10120,False,-7,40.53215,-105.887,2014-11-07,8,-2,1.3,0.1
SNOTEL,LOST DOG,940:CO:SNTL,9320,False,-7,40.81588,-106.74835,2014-11-07,2,1,0.7,0.0
SNOTEL,COLUMBIA BASIN,1204:NV:SNTLT,6650,False,-8,41.6716,-116.0703,,,,,
SNOTEL,PIKE CREEK,693:MT:SNTL,5930,True,-7,48.30305,-113.32868,2014-11-07,0,0,0.2,0.2
SNOTEL,BRIGHTON,366:UT:SNTL,8750,False,-7,40.59917,-111.58268,2014-11-07,2,1,0.6,0.2
SNOTEL,CLOUD PEAK RESERVOIR,402:WY:SNTL,9860,True,-7,44.40343,-107.06057,2014-11-07,0,0,0.1,0.1
SNOTEL,TROUT CREEK UPPER,1200:NV:SNTLT,7000,False,-8,41.0439,-115.0955,2014-11-07,23,2,,
SNOTEL,FAIRBANKS F.O.,1174:AK:SNTL,450,False,-9,64.85,-147.8,2014-11-07,3,0,0.0,-0.3
SNOTEL,SUMMIT CREEK,955:AK:SNTL,1400,True,-9,60.61713,-149.53128,2014-11-07,4,0,0.9,0.1
SNOTEL,PINE NUT,2144:NV:SCAN,6770,False,-8,36.57285,-115.20422,2014-11-07,0,0,,
SNOTEL,DAISY PEAK,919:MT:SNTL,7600,False,-7,46.66858,-110.33022,2014-11-07,0,-1,0.4,-0.1
SNOTEL,BUG LAKE,374:UT:SNTL,7950,False,-7,41.68467,-111.41915,2014-11-07,1,0,0.9,0.8
SNOTEL,MT. RYAN,948:AK:SNTL,2800,False,-9,65.25113,-146.15133,2014-11-07,81,73,1.3,-0.1
SNOTEL,LONG DRAW RESV,1123:CO:SNTL,9980,False,-7,40.5123,-105.7656,2014-11-07,9,-1,1.6,0.1
SNOTEL,BEAR MOUNTAIN,323:ID:SNTL,5400,False,-8,48.30577,-116.07448,2014-11-07,0,0,0.1,-0.1
SNOTEL,LOLO PASS,588:ID:SNTL,5240,False,-8,46.63448,-114.58072,2014-11-07,,,0.5,-0.2
SNOTEL,SURPRISE LAKES,804:WA:SNTL,4290,False,-8,46.09497,-121.76345,2014-11-07,1,1,0.0,0.0
SNOTEL,CALAMITY,1109:WA:SNTL,2500,False,-8,45.90362,-122.21633,2014-11-07,0,,0.0,0.0
SNOTEL,BUCKSKIN JOE,938:CO:SNTL,11150,False,-7,39.3035,-106.11307,2014-11-07,0,0,0.2,-0.1
SNOTEL,ST. LAWRENCE ALT,786:WY:SNTL,8620,False,-7,43.03313,-109.17025,2014-11-07,1,1,0.6,0.6
SNOTEL,BURTS MILLER RANCH,1135:UT:SNTL,8000,False,-7,40.98492,-110.85075,2014-11-07,1,1,0.2,0.1
SNOTEL,NOISY BASIN,664:MT:SNTL,6040,False,-7,48.15678,-113.94637,2014-11-07,4,-4,2.4,-0.1
SNOTEL,BLEWETT PASS,352:WA:SNTL,4240,False,-8,47.35037,-120.6796,2014-11-07,0,0,0.0,-0.1
SNOTEL,BEAR GRASS,1166:OR:SNTL,4720,False,-8,44.3253,-122.0878,2014-11-07,,,0.0,0.0
SNOTEL,QUARTZ PEAK,707:WA:SNTL,4700,False,-8,47.87927,-117.08938,2014-11-07,1,0,0.1,0.0
SNOTEL,DEADMAN HILL,438:CO:SNTL,10220,False,-7,40.80571,-105.76993,2014-11-07,8,-1,1.9,0.1
SNOTEL,HOODOO BASIN,530:MT:SNTL,6050,False,-7,46.9751,-115.0349,2014-11-07,2,-2,0.7,-0.4
SNOTEL,GRIZZLY PEAK,505:CO:SNTL,11100,False,-7,39.64631,-105.86973,2014-11-07,2,0,0.4,0.0
SNOTEL,RABBIT EARS,709:CO:SNTL,9400,False,-7,40.36783,-106.74038,2014-11-07,3,-2,0.7,0.0
SNOTEL,SPRING CREEK DIVIDE,779:WY:SNTL,9000,False,-7,42.5254,-110.6615,2014-11-07,2,0,0.5,0.0
SNOTEL,LEAVITT MEADOWS,575:CA:SNTL,7198,False,-8,38.30377,-119.55017,2014-11-07,1,,0.0,0.0
SNOTEL,NAST LAKE,658:CO:SNTL,8700,False,-7,39.29722,-106.60694,2014-11-07,1,0,0.0,0.0
SNOTEL,HARRIS FLAT,514:UT:SNTL,7800,False,-7,37.49,-112.57533,2014-11-07,,,0.5,0.5
SNOTEL,BERTHOUD SUMMIT,335:CO:SNTL,11300,False,-7,39.80392,-105.77789,2014-11-07,1,-1,0.4,0.0
SNOTEL,BUCK FLAT,371:UT:SNTL,9430,False,-7,39.134,-111.43727,2014-11-07,,,0.2,0.2
SNOTEL,PANGUITCH LAKE R.S.,1148:UT:SNTL,8350,False,-7,37.70463,-112.65037,2014-11-07,0,0,0.0,0.0
SNOTEL,BONE SPRINGS DIV,358:WY:SNTL,9350,False,-7,44.67888,-107.5811,2014-11-07,0,0,0.0,0.0
SNOTEL,BALD MTN.,309:WY:SNTL,9380,False,-7,44.8007,-107.84442,2014-11-07,4,0,0.6,0.0
SNOTEL,KLONDIKE NARROWS,1115:UT:SNTL,7250,False,-7,41.96769,-111.59713,2014-11-07,,,0.2,0.1
SNOTEL,JUMP OFF JOE,552:OR:SNTL,3520,False,-8,44.38605,-122.16683,2014-11-07,0,,0.0,0.0
SNOTEL,POWDER RIVER PASS,703:WY:SNTL,9480,False,-7,44.16188,-107.12622,2014-11-07,0,0,0.0,0.0
SNOTEL,WILD BASIN,1042:CO:SNTL,9560,False,-7,40.20105,-105.60248,2014-11-07,1,0,0.2,0.0
SNOTEL,CASCADE,386:CO:SNTL,8880,False,-7,37.65083,-107.80602,2014-11-07,0,0,0.0,0.0
SNOTEL,GALLEGOS PEAK,491:NM:SNTL,9800,True,-7,36.19446,-105.55795,2014-11-07,2,1,0.3,0.0
SNOTEL,WILDCAT,866:AZ:SNTL,7850,False,-7,33.75835,-109.47973,2014-11-07,1,1,0.0,0.0
SNOTEL,THUMB DIVIDE,816:WY:SNTL,7980,False,-7,44.36888,-110.57825,2014-11-07,1,1,0.1,0.0
SNOTEL,SPIRIT LAKE,777:WA:SNTL,3520,False,-8,46.26113,-122.1772,2014-11-07,,,0.0,0.0
SNOTEL,TRUCKEE #2,834:CA:SNTL,6509,False,-8,39.30087,-120.18407,2014-11-07,,,0.0,-0.1
SNOTEL,SILVER CREEK NV,1205:NV:SNTLT,8000,False,-8,39.2334,-114.2427,2014-11-07,0,-2,,
SNOTEL,GOBBLERS KNOB,962:AK:SNTL,2030,True,-9,66.745,-150.6675,2014-11-07,1,0,,
SNOTEL,BRACKETT CREEK,365:MT:SNTL,7320,False,-7,45.89107,-110.93851,2014-11-07,4,-1,1.1,0.0
SNOTEL,LICK CREEK,578:MT:SNTL,6860,False,-7,45.5041,-110.96625,2014-11-07,0,0,0.0,0.0
SNOTEL,GOLD AXE CAMP,1159:WA:SNTL,5360,True,-8,48.9516,-118.9864,2014-11-07,0,,0.1,0.0
SNOTEL,WHITE ELEPHANT,860:ID:SNTL,7710,False,-7,44.53267,-111.41085,2014-11-07,3,0,1.0,0.0
SNOTEL,MCNEIL CANYON,1003:AK:SNTL,1320,False,-9,59.74433,-151.25133,2014-11-07,4,2,0.3,0.0
SNOTEL,MICHIGAN CREEK,937:CO:SNTL,10600,False,-7,39.43577,-105.91078,2014-11-07,0,0,0.2,0.0
SNOTEL,SPUR PARK,781:MT:SNTL,8100,True,-7,46.77962,-110.62165,2014-11-07,4,0,1.1,0.0
SNOTEL,BROWN DUCK,368:UT:SNTL,10600,False,-7,40.581,-110.58583,2014-11-07,4,3,0.6,0.2
SNOTEL,DIVIDE,448:MT:SNTL,7800,False,-7,44.79317,-112.05645,2014-11-07,1,0,0.4,0.1
SNOTEL,MT BALDY,1224:UT:SNTL,9494,False,-7,39.13667,-111.5054,2014-11-07,3,0,0.9,0.0
SNOTEL,BEAVER HEAD,902:AZ:SNTL,7990,False,-7,33.69144,-109.21657,2014-11-07,2,0,0.0,0.0
SNOTEL,BUCK PASTURE,1192:UT:SNTL,9700,False,-7,40.8446,-110.66075,2014-11-07,0,0,0.3,0.1
SNOTEL,VIENNA MINE,845:ID:SNTL,8960,True,-7,43.79942,-114.85273,2014-11-07,5,0,1.5,0.1
SNOTEL,WILLOW CREEK,868:WY:SNTL,8380,False,-7,42.81513,-110.83515,2014-11-07,1,,0.3,0.1
SNOTEL,CHISANA,1093:AK:SNTL,3320,False,-9,62.069,-142.049,2014-11-07,6,0,0.8,-0.1
SNOTEL,BLACKTAIL MTN,1144:MT:SNTL,5650,False,-7,47.98288,-114.3543,2014-11-07,0,0,0.0,0.0
SNOTEL,THREE CREEKS MEADOW,815:OR:SNTL,5690,False,-8,44.14425,-121.64095,2014-11-07,0,,0.2,0.0
SNOTEL,SHELL CREEK,751:WY:SNTL,9580,False,-7,44.50012,-107.42947,2014-11-07,1,-1,0.3,0.0
SNOTEL,KACHEMAK CREEK,1063:AK:SNTL,1660,False,-9,59.72893,-150.66113,2014-11-07,10,1,,
SNOTEL,SPENCER MEADOW,776:WA:SNTL,3400,False,-8,46.1795,-121.92661,2014-11-07,0,0,0.0,0.0
SNOTEL,HUNTINGTON HORSE,1216:UT:SNTL,9657,False,-7,39.61153,-111.30493,2014-11-07,,,0.4,-0.2
SNOTEL,DRY LAKE,457:CO:SNTL,8400,True,-7,40.53397,-106.7813,2014-11-07,1,0,0.9,0.0
SNOTEL,LAPRELE CREEK,571:WY:SNTL,8375,False,-7,42.43583,-105.86083,2014-11-07,1,0,0.0,0.0
SNOTEL,WHEELER PEAK,1147:NV:SNTL,10120,False,-8,39.00995,-114.31021,2014-11-07,0,-1,0.4,0.0
SNOTEL,JACKWHACKER GULCH,935:CO:SNTL,10960,False,-7,39.56667,-105.8,2014-11-07,1,-1,0.3,0.0
SNOTEL,LASAL MOUNTAIN,572:UT:SNTL,9560,False,-7,38.48217,-109.27192,2014-11-07,2,-2,1.4,-0.1
SNOTEL,BAKER BUTTE SMT,1140:AZ:SNTL,7700,False,-7,34.45547,-111.38272,2014-11-07,0,-1,0.1,0.0
SNOTEL,HOLE-IN-ROCK,528:UT:SNTL,9150,False,-7,40.92167,-110.18622,2014-11-07,,,0.0,0.0
SNOTEL,RAILROAD OVERPASS,710:OR:SNTL,2680,False,-8,43.65887,-122.21272,2014-11-07,0,0,0.0,0.0
SNOTEL,SAGWON,1183:AK:SNTL,1000,False,-9,69.42417,-148.6925,2014-11-07,17,-1,,
SNOTEL,LITTLE CHENA RIDGE,947:AK:SNTL,2000,True,-9,65.12422,-146.7339,2014-11-07,6,0,1.2,0.0
SNOTEL,SARGENTS MESA,1128:CO:SNTL,11530,False,-7,38.28555,-106.37069,2014-11-07,3,0,0.8,0.0
SNOTEL,CASCADE MOUNTAIN,1039:UT:SNTL,7774,False,-7,40.283,-111.60992,2014-11-07,2,-1,0.3,0.0
SNOTEL,TIE CREEK,818:WY:SNTL,6870,False,-7,44.81243,-107.41017,2014-11-07,0,0,0.2,0.2
SNOTEL,SOURDOUGH GULCH,985:WA:SNTL,4000,True,-8,46.23718,-117.39438,2014-11-07,1,1,0.0,-0.1
SNOTEL,LITTLE MEADOWS,584:OR:SNTL,4020,False,-8,44.61297,-122.22565,2014-11-07,0,,0.0,0.0
SNOTEL,INDEPENDENCE CAMP,539:CA:SNTL,7003,False,-8,39.4528,-120.29268,2014-11-07,,,0.0,0.0
SNOTEL,HOLE-IN-MOUNTAIN,527:NV:SNTL,7900,False,-8,40.9427,-115.09572,2014-11-07,0,-1,0.5,-0.1
SNOTEL,WINDY PEAK,872:WY:SNTL,7900,False,-7,42.2802,-105.57816,2014-11-07,0,-1,0.2,0.0
SNOTEL,INDEPENDENCE MINE,1091:AK:SNTL,3550,True,-9,61.79117,-149.27967,2014-11-07,3,0,0.9,0.4
SNOTEL,HIGH RIDGE,523:OR:SNTL,4920,False,-8,45.69682,-118.10657,2014-11-07,0,0,0.1,-0.1
SNOTEL,BEAR CANYON,320:ID:SNTL,7900,False,-7,43.74367,-113.93797,2014-11-07,3,1,0.9,0.1
SNOTEL,FRANKLIN BASIN,484:ID:SNTL,8170,False,-7,42.05058,-111.6012,2014-11-07,3,3,0.0,0.0
SNOTEL,GOVERNMENT CORRALS,1250:OR:SNTLT,7400,False,-8,42.04308,-118.3195,2014-11-07,3,-1,,
SNOTEL,WILDHORSE DIVIDE,867:ID:SNTL,6490,False,-7,42.75743,-112.47783,2014-11-07,1,-1,0.5,-0.2
SNOTEL,WRIGLEY CREEK,1228:UT:SNTL,9162,False,-7,39.13427,-111.3539,,,,,
SNOTEL,ATIGUN PASS,957:AK:SNTL,4800,True,-9,68.12983,-149.47817,2014-11-07,15,0,,
SNOTEL,HOWELL CANYON,534:ID:SNTL,7980,False,-7,42.32111,-113.61556,2014-11-07,,,0.8,0.1
SNOTEL,CHEMULT ALTERNATE,395:OR:SNTL,4850,True,-8,43.22625,-121.80662,2014-11-07,0,,0.0,0.0
SNOTEL,TIMBERLINE,1097:UT:SNTL,8736,False,-7,39.67712,-110.43395,2014-11-07,4,2,0.3,-0.1
SNOTEL,WARD CREEK #3,848:CA:SNTL,6655,False,-8,39.13562,-120.21763,,,,,
SNOTEL,LONE CONE,589:CO:SNTL,9600,False,-7,37.89183,-108.19544,2014-11-07,4,-5,0.9,0.0
SNOTEL,HEAVENLY VALLEY,518:CA:SNTL,8582,False,-8,38.92433,-119.91647,2014-11-07,0,0,0.0,0.0
SNOTEL,LILY POND,580:CO:SNTL,11000,False,-7,37.37929,-106.54835,2014-11-07,0,-2,0.9,-0.1
SNOTEL,GREEN LAKE,502:WA:SNTL,5920,False,-8,46.54741,-121.17093,2014-11-07,0,0,0.0,0.0
SNOTEL,CHARKILN,2145:NV:SCAN,6718,False,-8,36.36637,-115.83394,2014-11-07,0,-1,,
SNOTEL,HAYFORD PEAK,2143:NV:SCAN,9886,False,-8,37.65812,-115.20422,,,,,
SNOTEL,BIG CREEK SUMMIT,338:ID:SNTL,6580,False,-7,44.62642,-115.7937,2014-11-07,1,0,0.9,0.1
SNOTEL,EMIGRANT SUMMIT,471:ID:SNTL,7390,False,-7,42.36055,-111.56085,2014-11-07,1,0,0.2,0.0
SNOTEL,COLE CREEK,407:MT:SNTL,7850,False,-7,45.19405,-109.34548,2014-11-07,,,0.3,0.3
SNOTEL,UTE CREEK,1005:CO:SNTL,10650,False,-7,37.61497,-105.37327,2014-11-07,1,-1,0.5,0.0
SNOTEL,BURGESS JUNCTION,377:WY:SNTL,7880,False,-7,44.78765,-107.52917,2014-11-07,1,0,0.4,0.0
SNOTEL,PEPPER CREEK,1104:WA:SNTL,2140,False,-8,46.10242,-121.95555,2014-11-07,0,0,0.0,0.0
SNOTEL,CUMBRES TRESTLE,431:CO:SNTL,10040,False,-7,37.01878,-106.45179,2014-11-07,3,0,0.7,0.0
SNOTEL,MYRTLE CREEK,1053:ID:SNTL,3520,True,-8,48.72263,-116.46312,2014-11-07,1,0,0.2,0.0
SNOTEL,FREMONT PASS,485:CO:SNTL,11400,False,-7,39.37991,-106.19681,2014-11-07,4,-174,1.2,0.1
SNOTEL,FARNSWORTH LAKE,475:UT:SNTL,9682,False,-7,38.7725,-111.67662,2014-11-07,10,0,2.0,0.0
SNOTEL,SIERRA BLANCA,1034:NM:SNTL,10280,True,-7,33.40472,-105.78722,2014-11-07,4,0,0.3,0.0
SNOTEL,BEAVER SPRING,1143:AZ:SNTL,9200,False,-7,36.32678,-109.05711,2014-11-07,1,1,0.1,0.0
SNOTEL,MOUNTAIN MEADOWS,650:ID:SNTL,6360,False,-8,45.69694,-115.22972,2014-11-07,2,-3,1.2,-0.3
SNOTEL,COOPER LAKE,959:AK:SNTL,1200,False,-9,60.39027,-149.6936,2014-11-07,2,1,0.7,0.1
SNOTEL,CAMAS CREEK DIVIDE,382:ID:SNTL,5710,False,-7,43.26548,-115.3453,2014-11-07,0,0,0.0,0.0
SNOTEL,BUMPING RIDGE,375:WA:SNTL,4610,False,-8,46.81003,-121.33058,2014-11-07,,,0.0,0.0
SNOTEL,COLUMBINE,408:CO:SNTL,9160,False,-7,40.3948,-106.60408,2014-11-07,1,0,0.1,-0.2
SNOTEL,MCCOY PARK,1040:CO:SNTL,9480,False,-7,39.60468,-106.54128,2014-11-07,0,0,0.1,-0.2
SNOTEL,BALDY,310:AZ:SNTL,9125,False,-7,33.97883,-109.50344,2014-11-07,3,0,0.0,0.0
SNOTEL,PICKFOOT CREEK,690:MT:SNTL,6650,False,-7,46.57978,-111.26832,2014-11-07,0,-1,0.0,-0.2
SNOTEL,PETERSON MEADOWS,930:MT:SNTL,7200,False,-7,46.12588,-113.30792,2014-11-07,0,0,0.0,0.0
SNOTEL,CULEBRA #2,430:CO:SNTL,10500,False,-7,37.20945,-105.19959,2014-11-07,3,-1,0.8,0.0
SNOTEL,COUNTY LINE,422:OR:SNTL,4830,False,-8,45.19107,-118.55015,2014-11-07,0,0,0.0,0.0
SNOTEL,GEORGE CREEK,1151:UT:SNTL,9005,False,-7,41.91582,-113.41158,2014-11-07,3,-1,0.8,0.1
SNOTEL,SNOWSTORM MTN,1208:NV:SNTLT,7420,False,-8,41.3398,-116.9806,2014-11-07,6,-1,,
SNOTEL,WEMINUCHE CREEK,1160:CO:SNTL,10740,False,-7,37.51976,-107.32152,2014-11-07,5,1,1.3,0.0
SNOTEL,SANTA FE,922:NM:SNTL,11445,True,-7,35.76694,-105.78333,2014-11-07,4,-1,1.2,0.1
SNOTEL,HUCKLEBERRY CREEK,928:WA:SNTL,2250,False,-8,47.06565,-121.58778,2014-11-07,,,0.0,0.0
SNOTEL,LEAVITT LAKE,574:CA:SNTL,9617,False,-8,38.27603,-119.61182,2014-11-07,2,-2,0.4,0.1
SNOTEL,FALLEN LEAF,473:CA:SNTL,6236,False,-8,38.93405,-120.05457,2014-11-07,0,0,0.0,0.0
SNOTEL,KRAFT CREEK,562:MT:SNTL,4750,False,-7,47.42749,-113.77515,2014-11-07,0,0,0.0,0.0
SNOTEL,TENT MTN LOWER,1202:NV:SNTLT,7000,False,-8,40.9785,-115.1722,2014-11-07,0,0,,
SNOTEL,HILTS CREEK,524:ID:SNTL,8000,False,-7,44.01897,-113.4723,2014-11-07,3,0,1.3,0.0
SNOTEL,DOLLARHIDE SUMMIT,450:ID:SNTL,8420,False,-7,43.6025,-114.67417,2014-11-07,2,0,1.2,0.0
SNOTEL,FRY,488:AZ:SNTL,7200,False,-7,35.07297,-111.84374,2014-11-07,0,0,0.2,0.0
SNOTEL,PAYSON R.S.,686:UT:SNTL,8066,False,-7,39.92967,-111.63107,2014-11-07,0,-1,0.1,0.0
SNOTEL,ELK PEAK,1106:MT:SNTL,7600,True,-7,46.4845,-110.7125,2014-11-07,0,-1,0.0,-0.3
SNOTEL,SCHWARTZ LAKE,915:ID:SNTL,8540,False,-7,44.84618,-113.83732,2014-11-07,0,-1,0.5,0.1
SNOTEL,BIG FLAT,339:UT:SNTL,10349,False,-7,38.30183,-112.35672,2014-11-07,2,0,0.3,0.0
SNOTEL,NORTH COSTILLA,665:NM:SNTL,10600,True,-7,36.99378,-105.25963,2014-11-07,0,-1,0.0,0.0
SNOTEL,NEW CRESCENT LAKE,660:OR:SNTL,4910,False,-8,43.51185,-121.97982,2014-11-07,0,,0.0,-0.1
SNOTEL,UPPER RIO GRANDE,839:CO:SNTL,9400,False,-7,37.72194,-107.26015,2014-11-07,0,-1,0.3,-0.1
SNOTEL,HAPPY JACK,969:AZ:SNTL,7630,True,-7,34.74598,-111.41207,2014-11-07,0,0,0.0,0.0
SNOTEL,MAGIC MOUNTAIN,610:ID:SNTL,6880,False,-7,42.18072,-114.28662,2014-11-07,1,1,0.1,0.0
SNOTEL,COLUMBINE PASS,409:CO:SNTL,9400,False,-7,38.41795,-108.38249,2014-11-07,0,0,0.0,0.0
SNOTEL,SADDLE MOUNTAIN,726:OR:SNTL,3110,False,-8,45.54477,-123.37315,2014-11-07,,,0.0,-0.1
SNOTEL,HANSEN SAWMILL,512:WY:SNTL,8360,False,-7,44.25602,-106.97983,2014-11-07,0,0,0.0,0.0
SNOTEL,BURRO MOUNTAIN,378:CO:SNTL,9400,False,-7,39.87505,-107.59853,2014-11-07,2,-2,0.8,0.0
SNOTEL,LAKEVIEW RIDGE,568:MT:SNTL,7400,False,-7,44.58907,-111.82498,2014-11-07,0,0,0.0,0.0
SNOTEL,CHEPETA,396:UT:SNTL,10592,False,-7,40.7745,-110.0105,2014-11-07,5,0,1.0,0.1
SNOTEL,UPPER CHENA,952:AK:SNTL,2850,False,-9,65.1,-144.93317,2014-11-07,12,0,,
SNOTEL,ADIN MTN,301:CA:SNTL,6190,False,-8,41.23583,-120.79192,2014-11-07,0,0,0.0,0.0
SNOTEL,OCHOCO MEADOWS,671:OR:SNTL,5430,False,-8,44.42917,-120.3311,2014-11-07,,,0.0,0.0
SNOTEL,DALY CREEK,433:MT:SNTL,5780,False,-7,46.18367,-113.8533,2014-11-07,0,-1,0.1,-0.1
SNOTEL,EAST RIM DIVIDE,460:WY:SNTL,7930,False,-7,43.13097,-110.2023,2014-11-07,0,0,0.1,0.0
SNOTEL,TOWER,825:CO:SNTL,10500,False,-7,40.53743,-106.6768,2014-11-07,8,0,1.9,0.0
SNOTEL,PRUDHOE BAY,1177:AK:SNTL,30,False,-9,70.26666,-148.56666,,,,,
SNOTEL,GALENA SUMMIT,490:ID:SNTL,8780,False,-7,43.87497,-114.71363,2014-11-07,6,,1.7,0.0
SNOTEL,KOLOB,561:UT:SNTL,9206,False,-7,37.52617,-113.05402,2014-11-07,3,0,1.6,0.4
SNOTEL,MORSE LAKE,642:WA:SNTL,5410,False,-8,46.90585,-121.4827,2014-11-07,0,0,0.0,0.0
SNOTEL,STAHL PEAK,787:MT:SNTL,6030,False,-7,48.90902,-114.86298,2014-11-07,5,-1,1.9,-0.2
SNOTEL,BOULDER MOUNTAIN,360:MT:SNTL,7950,False,-7,46.5596,-111.28973,2014-11-07,3,-1,0.8,0.0
SNOTEL,MOSBY MTN.,643:UT:SNTL,9510,False,-7,40.60783,-109.8881,2014-11-07,4,-1,0.7,0.0
SNOTEL,COCHETOPA PASS,1059:CO:SNTL,10020,False,-7,38.16283,-106.59883,2014-11-07,1,-1,0.2,0.0
SNOTEL,SEINE CREEK,743:OR:SNTL,2060,False,-8,45.52688,-123.29857,2014-11-07,,,0.0,0.0
SNOTEL,POTATO HILL,702:WA:SNTL,4510,False,-8,46.34963,-121.51435,2014-11-07,0,0,0.0,0.0
SNOTEL,VALLECITO,843:CO:SNTL,10880,False,-7,37.4851,-107.5068,2014-11-07,1,0,0.1,-0.3
SNOTEL,TOUCHET,824:WA:SNTL,5530,True,-8,46.11868,-117.8505,2014-11-07,2,2,0.1,0.0
SNOTEL,SAWMILL RIDGE,1068:WA:SNTL,4640,True,-8,47.15992,-121.42172,2014-11-07,0,0,0.2,0.2
SNOTEL,SHELDON,750:NV:SCAN,5860,False,-8,41.9045,-119.4436,2014-11-07,,,0.1,-0.2
SNOTEL,CHAPMAN TUNNEL,1101:CO:SNTL,10110,False,-7,39.26217,-106.62931,2014-11-07,3,1,0.5,0.0
SNOTEL,MIDDLE POWDER,625:WY:SNTL,7760,False,-7,43.62728,-107.18138,2014-11-07,0,0,0.0,0.0
SNOTEL,BIG MEADOW,340:NV:SNTL,8249,False,-8,39.45503,-119.94222,2014-11-07,,,0.0,0.0
SNOTEL,TRES RITOS,1083:NM:SNTL,8600,True,-7,36.12778,-105.52714,2014-11-07,0,0,0.0,0.0
SNOTEL,BANNER SUMMIT,312:ID:SNTL,7040,False,-7,44.30342,-115.23447,2014-11-07,0,0,0.3,-0.2
SNOTEL,BEN LOMOND TRAIL,333:UT:SNTL,5829,False,-7,41.38283,-111.92105,2014-11-07,1,1,0.0,0.0
SNOTEL,DRAW CREEK,454:NV:SNTL,7200,False,-8,41.66198,-115.32397,2014-11-07,0,0,0.2,0.2
SNOTEL,TOE JAM,1136:NV:SNTL,7700,False,-8,41.32,-116.34,2014-11-07,5,0,1.7,0.0
SNOTEL,DIVIDE PEAK,449:WY:SNTL,8880,False,-7,41.30398,-107.15241,2014-11-07,1,-1,0.5,0.0
SNOTEL,WILSON CREEK,871:ID:SNTL,7120,False,-7,42.01257,-115.00278,2014-11-07,0,-1,0.1,0.0
SNOTEL,CAVE MOUNTAIN,1152:NV:SNTL,10583,False,-7,39.16337,-114.6133,2014-11-07,1,0,0.6,0.1
SNOTEL,BEAR SADDLE,324:ID:SNTL,6180,False,-7,44.60553,-116.98008,2014-11-07,1,,0.6,-0.6
SNOTEL,POLE CREEK R.S.,698:NV:SNTL,8330,False,-8,41.87306,-115.24694,2014-11-07,1,1,0.7,0.0
SNOTEL,JUNE LAKE,553:WA:SNTL,3440,False,-8,46.14778,-122.15413,2014-11-07,0,0,,
SNOTEL,MANY GLACIER,613:MT:SNTL,4900,True,-7,48.79698,-113.6705,2014-11-07,1,1,0.1,0.1
SNOTEL,BURNSIDE LAKE,1051:CA:SNTL,8129,False,-8,38.71943,-119.8942,2014-11-07,1,0,0.2,0.1
SNOTEL,DUNGENESS,943:WA:SNTL,4010,False,-8,47.87224,-123.0788,2014-11-07,0,0,0.0,0.0
SNOTEL,BEAR BASIN,319:ID:SNTL,5350,False,-7,44.95222,-116.14293,2014-11-07,0,0,0.2,0.0
SNOTEL,MIDDLE FORK BRADLEY,1064:AK:SNTL,2300,False,-9,59.77683,-150.75733,2014-11-07,7,-1,,
SNOTEL,TWO OCEAN PLATEAU,837:WY:SNTL,9240,False,-7,44.15178,-110.22122,2014-11-07,5,0,1.7,0.1
SNOTEL,MOSS PEAK,646:MT:SNTL,6780,False,-7,47.68493,-113.9623,2014-11-07,12,-3,3.4,-0.2
SNOTEL,WIDTSOE #3,865:UT:SNTL,9640,False,-7,37.83633,-111.88163,2014-11-07,0,0,0.2,0.2
SNOTEL,BURNT MOUNTAIN,942:WA:SNTL,4170,True,-8,47.0444,-121.94032,2014-11-07,0,0,0.0,0.0
SNOTEL,IVANHOE,547:CO:SNTL,10400,False,-7,39.29202,-106.54923,2014-11-07,2,0,0.6,0.0
SNOTEL,SLUMGULLION,762:CO:SNTL,11440,False,-7,37.9908,-107.20327,2014-11-07,7,-1,1.5,0.0
SNOTEL,PLACER BASIN,696:MT:SNTL,8830,False,-7,45.41905,-110.08844,2014-11-07,1,0,0.4,0.1
SNOTEL,FARMINGTON,474:UT:SNTL,8000,False,-7,40.992,-111.81702,2014-11-07,0,0,0.4,0.2
SNOTEL,EILERTSON MEADOWS,464:OR:SNTL,5510,False,-8,44.86887,-118.11387,2014-11-07,,,0.0,0.0
SNOTEL,BUNCHGRASS MDW,376:WA:SNTL,5000,False,-8,48.68688,-117.17633,2014-11-07,0,0,0.0,0.0
SNOTEL,BLAZED ALDER,351:OR:SNTL,3650,False,-8,45.4287,-121.85605,2014-11-07,,,0.0,0.0
SNOTEL,GRAHAM GUARD STA.,496:ID:SNTL,5690,True,-7,43.9538,-115.27387,2014-11-07,,,0.1,0.1
SNOTEL,CLACKAMAS LAKE,398:OR:SNTL,3400,False,-8,45.09658,-121.75443,2014-11-07,0,0,0.0,0.0
SNOTEL,MEADOWS PASS,897:WA:SNTL,3230,True,-8,47.28312,-121.47197,2014-11-07,0,-1,0.1,0.1
SNOTEL,BEAR RIVER,1061:CO:SNTL,9080,False,-7,40.06153,-107.00955,2014-11-07,1,0,0.2,0.1
SNOTEL,WOLF CREEK,873:OR:SNTL,5630,False,-8,45.06703,-118.15192,2014-11-07,,,0.0,0.0
SNOTEL,WHITE MILL,862:MT:SNTL,8700,False,-7,45.04575,-109.90987,2014-11-07,5,-1,1.6,0.1
SNOTEL,TOK,2080:AK:SCAN,1630,False,-9,63.3532,-142.98164,2014-11-07,8,-1,,
SNOTEL,CLEAR CREEK #2,400:UT:SNTL,7659,False,-7,39.89267,-111.25175,2014-11-07,3,1,0.0,-0.4
SNOTEL,GARDEN CITY SUMMIT,1114:UT:SNTL,7705,False,-7,41.9215,-111.4693,2014-11-07,0,0,0.4,0.1
SNOTEL,GARVER CREEK,918:MT:SNTL,4250,False,-7,48.97523,-115.81915,2014-11-07,1,1,0.1,0.1
SNOTEL,BARNEY CREEK,1246:OR:SNTLT,5830,False,-8,44.36067,-118.31113,,,,,
SNOTEL,BAKER BUTTE,308:AZ:SNTL,7300,False,-7,34.4566,-111.40643,2014-11-07,0,-1,0.1,0.0
SNOTEL,LONE PINE,591:WA:SNTL,3930,False,-8,46.27143,-121.96288,2014-11-07,0,0,0.0,0.0
SNOTEL,LOWER TWIN,603:MT:SNTL,7900,False,-7,45.50871,-111.92288,2014-11-07,3,-2,0.6,0.0
SNOTEL,MICA CREEK,623:ID:SNTL,4510,False,-8,47.15083,-116.26694,2014-11-07,1,0,0.0,-0.1
SNOTEL,HAGAN'S MEADOW,508:CA:SNTL,7776,False,-8,38.85185,-119.93742,2014-11-07,0,,0.0,0.0
SNOTEL,BERRY CREEK,334:NV:SNTL,9100,False,-8,39.31917,-114.62278,2014-11-07,2,0,0.5,0.1
SNOTEL,LOST CREEK RESV,1118:UT:SNTL,6082,False,-7,41.22155,-111.35947,2014-11-07,1,0,0.0,0.0
SNOTEL,SUMMER RIM,800:OR:SNTL,7080,False,-8,42.6957,-120.80158,2014-11-07,,,0.0,0.0
SNOTEL,NORTH FORK,666:OR:SNTL,3060,False,-8,45.5505,-122.00283,2014-11-07,0,0,0.1,0.1
SNOTEL,ZIRKEL,1033:CO:SNTL,9340,False,-7,40.79488,-106.59535,2014-11-07,0,-1,0.1,-0.1
SNOTEL,UPPER TSAINA RIVER,1055:AK:SNTL,1750,False,-9,61.19112,-145.64807,2014-11-07,13,0,2.0,0.0
SNOTEL,MOSES MTN,644:WA:SNTL,5010,False,-8,48.36163,-119.08159,2014-11-07,0,0,0.0,-0.1
SNOTEL,KELLY STATION,1175:AK:SNTL,310,False,-9,67.93333,-162.28333,2014-11-07,4,0,0.3,-0.2
SNOTEL,ISLAND PARK,546:ID:SNTL,6290,False,-7,44.4203,-111.38512,2014-11-07,0,0,0.2,0.0
SNOTEL,FISH LAKE,478:WA:SNTL,3430,False,-8,47.53565,-121.08553,2014-11-07,,,0.0,0.0
SNOTEL,SILVER CREEK,756:OR:SNTL,5740,True,-8,42.95615,-121.18123,2014-11-07,0,0,0.0,0.0
SNOTEL,BUCKSKIN LOWER,373:NV:SNTL,6915,False,-8,41.75067,-117.53182,2014-11-07,3,-1,1.4,0.0
SNOTEL,CHAMITA,394:NM:SNTL,8400,True,-7,36.95636,-106.65682,2014-11-07,1,0,0.2,0.0
SNOTEL,CALVERT CREEK,381:MT:SNTL,6430,False,-7,45.8838,-113.32553,2014-11-07,0,0,0.0,0.0
SNOTEL,SQUAW VALLEY G.C.,784:CA:SNTL,8029,True,-8,39.18998,-120.26475,2014-11-07,0,0,0.1,-0.3
SNOTEL,BROWN TOP,1080:WA:SNTL,5830,True,-8,48.92755,-121.19713,2014-11-07,6,1,1.8,-0.4
SNOTEL,INDIAN PASS,946:AK:SNTL,2350,False,-9,61.06767,-149.4795,2014-11-07,9,-1,1.2,0.1
SNOTEL,ANNIE SPRINGS,1000:OR:SNTL,6010,False,-8,42.87007,-122.16518,2014-11-07,0,0,0.1,0.0
SNOTEL,GRAVE CREEK,500:MT:SNTL,4300,False,-7,48.91453,-114.76663,2014-11-07,0,0,0.1,0.1
SNOTEL,NENANA,2081:AK:SCAN,415,False,-9,64.68582,-148.9113,2014-11-07,5,1,,
SNOTEL,FOOL CREEK,1186:CO:SNTL,11150,False,-7,39.8687,-105.8675,2014-11-07,6,2,1.4,0.1
SNOTEL,STUMP LAKES,797:CO:SNTL,11200,False,-7,37.47621,-107.63295,2014-11-07,3,-1,1.1,-0.1
SNOTEL,ELK RIVER,467:CO:SNTL,8700,False,-7,40.84781,-106.96871,2014-11-07,0,-2,0.4,-0.1
SNOTEL,EASY PASS,998:WA:SNTL,5270,True,-8,48.85933,-121.43895,2014-11-07,2,,0.4,0.4
SNOTEL,COLUMBUS BASIN,904:CO:SNTL,10785,False,-7,37.44147,-108.02445,2014-11-07,4,1,0.8,0.0
SNOTEL,SNOWSLIDE CANYON,927:AZ:SNTL,9730,True,-7,35.3416,-111.65058,2014-11-07,3,0,0.8,0.2
SNOTEL,COMBINATION,410:MT:SNTL,5600,False,-7,46.46523,-113.39358,2014-11-07,0,0,0.1,0.1
SNOTEL,THISTLE FLAT,1226:UT:SNTL,8858,False,-7,39.2377,-111.5197,2014-11-07,1,-1,0.5,0.0
SNOTEL,TEPEE CREEK,813:MT:SNTL,8000,False,-7,44.78562,-111.71,2014-11-07,2,0,0.1,0.0
SNOTEL,ANEROID LAKE #2,302:OR:SNTL,7400,False,-8,45.21328,-117.19258,,,,,
SNOTEL,VAN WYCK,979:ID:SNTL,4920,True,-7,44.37665,-116.3366,2014-11-07,0,0,0.1,0.0
SNOTEL,BLACKWATER,350:WY:SNTL,9780,True,-7,44.37667,-109.79333,2014-11-07,5,0,1.9,0.2
SNOTEL,BAR M,1212:AZ:SNTL,6393,False,-7,34.86136,-111.60503,2014-11-07,1,1,0.1,0.0
SNOTEL,WHISKEY CREEK,858:MT:SNTL,6800,False,-7,44.61088,-111.14998,2014-11-07,2,0,0.8,0.0
SNOTEL,CASTLE CREEK,1130:WY:SNTL,8400,False,-7,43.6748,-109.3774,2014-11-07,0,0,0.1,0.1
SNOTEL,COOL CREEK,411:ID:SNTL,6280,False,-8,46.76361,-115.29528,2014-11-07,2,-2,1.1,-0.3
SNOTEL,STAMPEDE PASS,788:WA:SNTL,3850,False,-8,47.27427,-121.34162,2014-11-07,1,1,0.0,0.0
SNOTEL,ANCHOR RIVER DIVIDE,1062:AK:SNTL,1653,False,-9,59.85972,-151.315,2014-11-07,3,-1,0.7,0.0
SNOTEL,MOWICH,941:WA:SNTL,3160,False,-8,46.92833,-121.95232,2014-11-07,,,0.0,0.0
SNOTEL,DOME LAKE,451:WY:SNTL,8880,False,-7,44.57462,-107.29537,2014-11-07,0,0,0.2,0.2
SNOTEL,GOLD CENTER,494:OR:SNTL,5410,False,-8,44.7638,-118.3117,2014-11-07,0,0,0.0,0.0
SNOTEL,BUFFALO PARK,913:CO:SNTL,9240,False,-7,40.22861,-106.59528,2014-11-07,4,-1,0.7,-0.1
SNOTEL,LAUREL DRAW,573:NV:SNTL,6697,False,-8,41.77637,-116.02957,2014-11-07,0,,0.4,-0.1
SNOTEL,GRAVE SPRINGS,501:WY:SNTL,8550,False,-7,43.46643,-107.23977,2014-11-07,,,0.1,0.1
SNOTEL,EXIT GLACIER,1092:AK:SNTL,400,True,-9,60.19033,-149.62117,2014-11-07,3,0,1.2,0.1
SNOTEL,MARION FORKS,614:OR:SNTL,2590,False,-8,44.59397,-121.97365,2014-11-07,0,0,0.0,0.0
SNOTEL,EBBETTS PASS,462:CA:SNTL,8765,False,-8,38.54955,-119.80465,2014-11-07,0,-1,0.1,-0.2
SNOTEL,UPPER NOME CREEK,1090:AK:SNTL,2520,False,-9,65.3671,-146.592,2014-11-07,7,0,,
SNOTEL,SUMMIT MEADOW,1052:CA:SNTL,9313,True,-8,38.39747,-119.53522,2014-11-07,1,0,0.0,0.0
SNOTEL,TRIPLE PEAK,831:WY:SNTL,8500,False,-7,42.76393,-110.5914,2014-11-07,2,0,2.0,0.2
SNOTEL,MAY CREEK,1096:AK:SNTL,1610,False,-9,61.34783,-142.70967,2014-11-07,6,0,0.9,-0.5
SNOTEL,HOURGLASS LAKE,1122:CO:SNTL,9380,False,-7,40.57913,-105.63068,2014-11-07,1,-1,0.6,0.1
SNOTEL,KALAMAZOO,1150:NV:SNTL,7744,False,-7,39.5579,-114.62762,2014-11-07,0,0,0.1,0.0
SNOTEL,TENT MTN UPPER,1201:NV:SNTLT,7000,False,-8,40.9653,-115.1646,2014-11-07,4,-1,,
SNOTEL,LOST-WOOD DIVIDE,601:ID:SNTL,7900,False,-7,43.82432,-114.26402,2014-11-07,3,-1,0.7,0.0
SNOTEL,LONG VALLEY,1016:ID:SNTL,4890,True,-7,44.78835,-116.08878,2014-11-07,,,0.1,0.1
SNOTEL,ANCHORAGE HILLSIDE,1070:AK:SNTL,2080,True,-9,61.11483,-149.66683,2014-11-07,4,0,0.8,0.0
SNOTEL,BOGUS BASIN,978:ID:SNTL,6340,True,-7,43.76377,-116.09685,2014-11-07,2,-1,1.0,-0.1
SNOTEL,CORRAL PASS,418:WA:SNTL,5800,False,-8,47.01872,-121.46464,2014-11-07,0,0,0.0,-0.1
SNOTEL,GBRC MEADOWS,1222:UT:SNTL,9780,False,-7,39.3019,-111.45277,2014-11-07,2,0,0.7,0.1
SNOTEL,AGUA CANYON,907:UT:SNTL,8900,False,-7,37.52217,-112.27118,2014-11-07,0,0,0.0,0.0
SNOTEL,BEARTOOTH LAKE,326:WY:SNTL,9360,False,-7,44.94307,-109.56743,2014-11-07,9,0,1.8,0.0
SNOTEL,PHANTOM VALLEY,688:CO:SNTL,9030,False,-7,40.39937,-105.84757,2014-11-07,1,-1,0.4,-0.1
SNOTEL,MUNSON RIDGE,950:AK:SNTL,3100,False,-9,64.85033,-146.20945,2014-11-07,14,0,2.2,0.0
SNOTEL,BEAVER RESERVOIR,331:OR:SNTL,5150,False,-8,45.14532,-118.219,2014-11-07,,,0.0,0.0
SNOTEL,TAKKA WIIYA,1247:UT:SNTL,9168,False,-7,39.74152,-113.98305,2014-11-07,0,0,0.1,0.1
SNOTEL,HAYDEN FORK,517:UT:SNTL,9212,False,-7,40.79667,-110.88488,2014-11-07,0,0,0.2,-0.1
SNOTEL,SKALKAHO SUMMIT,760:MT:SNTL,7250,False,-7,46.24212,-113.7725,2014-11-07,4,-2,1.5,0.1
SNOTEL,VIRGINIA LAKES RIDGE,846:CA:SNTL,9445,False,-8,38.07298,-119.23433,2014-11-07,0,0,0.0,0.0
SNOTEL,LUBRECHT FLUME,604:MT:SNTL,4680,False,-7,46.88293,-113.32228,2014-11-07,0,0,0.0,0.0
SNOTEL,BATEMAN,316:NM:SNTL,9300,True,-7,36.51216,-106.32129,2014-11-07,0,0,0.1,0.1
SNOTEL,HOOSIER PASS,531:CO:SNTL,11400,True,-7,39.36127,-106.05978,,,,,
SNOTEL,NEVADA RIDGE,903:MT:SNTL,7020,False,-7,46.84234,-112.50787,2014-11-07,1,-1,0.4,-0.2
SNOTEL,KING MOUNTAIN,558:OR:SNTL,4340,False,-8,42.72395,-123.20037,2014-11-07,,,0.0,0.0
SNOTEL,MINING FORK,631:UT:SNTL,8221,False,-7,40.49383,-112.61145,2014-11-07,1,-2,0.7,0.1
SNOTEL,RIPPLE CREEK,717:CO:SNTL,10340,False,-7,40.10812,-107.29411,2014-11-07,9,,2.1,0.0
SNOTEL,JONES CORRAL,1099:UT:SNTL,9749,False,-7,38.07125,-112.16788,2014-11-07,3,0,0.7,0.1
SNOTEL,ELLIOT RIDGE,1120:CO:SNTL,10520,False,-7,39.864,-106.4246,2014-11-07,5,-1,1.2,0.0
SNOTEL,MT HOOD TEST SITE,651:OR:SNTL,5370,False,-8,45.32097,-121.7158,2014-11-07,0,0,0.0,0.0
SNOTEL,SNOW MOUNTAIN,767:OR:SNTL,6230,False,-8,43.94885,-119.54013,2014-11-07,,,0.0,0.0
SNOTEL,NORTH FORK JOCKO,667:MT:SNTL,6330,False,-7,47.2726,-113.75617,2014-11-07,4,-2,1.5,-0.1
SNOTEL,NUTRIOSO,1127:AZ:SNTL,8500,False,-7,33.89747,-109.15517,2014-11-07,0,0,0.0,-0.1
SNOTEL,STICKNEY MILL,792:ID:SNTL,7430,False,-7,43.86117,-114.20902,2014-11-07,,,0.5,0.1
SNOTEL,COUGAR MOUNTAIN,420:WA:SNTL,3200,False,-8,47.27666,-121.67138,2014-11-07,,,0.0,0.0
SNOTEL,GRANDVIEW,956:AK:SNTL,1100,False,-9,60.60832,-149.06313,2014-11-07,11,2,2.2,0.1
SNOTEL,LOBDELL LAKE,587:CA:SNTL,9233,False,-8,38.43745,-119.36572,2014-11-07,,,0.1,0.0
SNOTEL,ROCK CREEK,720:UT:SNTL,7889,False,-7,40.54867,-110.69295,2014-11-07,1,-1,0.3,0.1
SNOTEL,CEDAR PASS,391:CA:SNTL,7030,False,-8,41.58233,-120.3025,2014-11-07,2,2,0.0,0.0
SNOTEL,ELBOW LAKE,910:WA:SNTL,3040,True,-8,48.69092,-121.90893,2014-11-07,0,,0.0,0.0
SNOTEL,UPPER JOES VALLEY,1227:UT:SNTL,8681,False,-7,39.4155,-111.2491,2014-11-07,0,0,0.0,0.0
SNOTEL,HAND CREEK,510:MT:SNTL,5035,False,-7,48.30754,-114.84075,2014-11-07,0,0,0.0,0.0
SNOTEL,PARK CREEK RIDGE,681:WA:SNTL,4600,False,-8,48.44488,-120.91551,2014-11-07,0,0,0.0,0.0
SNOTEL,GRASSY LAKE,499:WY:SNTL,7265,False,-7,44.12612,-110.83435,2014-11-07,2,,0.6,0.0
SNOTEL,BUTTE,380:CO:SNTL,10160,True,-7,38.89433,-106.953,2014-11-07,1,-1,0.3,0.0
SNOTEL,VERNON CREEK,844:UT:SNTL,7401,False,-7,39.93667,-112.41478,2014-11-07,0,0,0.2,0.2
SNOTEL,BARKER LAKES,313:MT:SNTL,8250,False,-7,46.09713,-113.13038,2014-11-07,0,0,0.0,0.0
SNOTEL,BLACK BEAR,347:MT:SNTL,8170,False,-7,44.50832,-111.12803,2014-11-07,8,0,2.5,-0.1
SNOTEL,BEAVER DIVIDE,330:UT:SNTL,8280,False,-7,40.61233,-111.09782,2014-11-07,1,0,0.1,0.0
SNOTEL,EVENING STAR,472:WY:SNTL,9200,False,-7,44.65258,-109.78422,2014-11-07,6,0,1.6,0.1
SNOTEL,SUGARLOAF MTN,1095:AK:SNTL,550,True,-9,61.081,-146.2995,2014-11-07,0,0,,
SNOTEL,CRAZYMAN FLAT,1010:OR:SNTL,6180,False,-8,42.6381,-120.94917,2014-11-07,,,0.0,0.0
SNOTEL,RHOADS CREEK,1178:AK:SNTL,1225,False,-9,63.931,-145.33333,2014-11-07,12,0,,
SNOTEL,GOOSEBERRY R.S. UP,1184:UT:SNTL,8400,False,-7,38.78903,-111.6887,2014-11-07,2,-2,1.0,-0.1
SNOTEL,LAMOILLE #3,570:NV:SNTL,7700,False,-8,40.64517,-115.376,2014-11-07,1,-1,0.1,0.0
SNOTEL,HANNAGAN MEADOWS,511:AZ:SNTL,9020,False,-7,33.65387,-109.30952,2014-11-07,1,0,0.0,0.0
SNOTEL,CORRAL CANYON,417:NV:SNTL,8500,False,-8,40.27783,-115.53467,2014-11-07,3,0,0.6,-0.1
SNOTEL,LASAL MOUNTAIN-LOWER,1215:UT:SNTL,8825,False,-7,38.48323,-109.2896,,,,,
SNOTEL,TOKOSITNA VALLEY,1089:AK:SNTL,850,False,-9,62.63,-150.77617,2014-11-07,1,0,0.6,0.5
SNOTEL,ALPINE MEADOWS,908:WA:SNTL,3500,False,-8,47.77957,-121.69847,2014-11-07,0,0,0.1,0.0
SNOTEL,MEDANO PASS,914:CO:SNTL,9649,False,-7,37.85164,-105.43614,2014-11-07,1,0,0.1,0.1
SNOTEL,BLUE LAKES,356:CA:SNTL,8057,False,-8,38.6078,-119.92443,2014-11-07,,,0.2,0.0
SNOTEL,MADISON PLATEAU,609:MT:SNTL,7750,False,-7,44.58623,-111.11627,2014-11-07,7,0,1.8,-0.1
SNOTEL,BUCKBOARD FLAT,1153:UT:SNTL,8998,False,-7,37.86943,-109.44717,2014-11-07,0,0,0.4,0.4
SNOTEL,NEVER SUMMER,1031:CO:SNTL,10280,False,-7,40.40405,-105.95583,2014-11-07,12,0,2.1,0.1
SNOTEL,SEELEY CREEK,742:UT:SNTL,9910,True,-7,39.31033,-111.43297,2014-11-07,0,0,0.0,0.0
SNOTEL,SOUTH PASS,775:WY:SNTL,9040,False,-7,42.57317,-108.84325,2014-11-07,1,-1,0.3,0.0
SNOTEL,MINERAL CREEK,629:CO:SNTL,10040,False,-7,37.84747,-107.72657,2014-11-07,2,0,0.2,-0.1
SNOTEL,INDEPENDENCE PASS,542:CO:SNTL,10600,False,-7,39.07539,-106.61169,2014-11-07,4,0,0.9,0.1
SNOTEL,EF BLACKS FORK GS,1163:UT:SNTL,9360,False,-7,40.8847,-110.5406,2014-11-07,,,0.0,0.0
SNOTEL,SUSITNA VALLEY HIGH,967:AK:SNTL,375,False,-9,62.13333,-150.04167,2014-11-07,2,0,1.3,1.1
SNOTEL,MULE CREEK,656:MT:SNTL,8300,False,-7,45.40957,-112.95927,2014-11-07,3,-1,0.9,0.0
SNOTEL,DILL'S CAMP,444:UT:SNTL,9182,False,-7,39.0455,-111.46863,2014-11-07,0,0,0.0,0.0
SNOTEL,LOOKOUT,594:ID:SNTL,5140,False,-8,47.45792,-115.70577,2014-11-07,0,0,0.1,0.0
SNOTEL,MAVERICK FORK,617:AZ:SNTL,9200,False,-7,33.92121,-109.45881,2014-11-07,1,1,0.0,0.0
SNOTEL,TIMPANOGOS DIVIDE,820:UT:SNTL,8140,False,-7,40.42817,-111.61633,2014-11-07,0,-2,0.6,-0.3
SNOTEL,GROS VENTRE SUMMIT,506:WY:SNTL,8750,False,-7,43.38877,-110.12947,2014-11-07,3,0,1.8,0.1
SNOTEL,EAST BOULDER MINE,1105:MT:SNTL,6335,True,-7,45.50381,-110.08019,2014-11-07,,,0.1,0.1
SNOTEL,BASIN CREEK,315:MT:SNTL,7180,False,-7,45.79737,-112.52047,2014-11-07,0,0,0.0,0.0
SNOTEL,MOUNT GARDNER,898:WA:SNTL,2920,True,-8,47.35768,-121.56812,2014-11-07,0,,0.0,0.0
SNOTEL,BEN LOMOND PEAK,332:UT:SNTL,8000,False,-7,41.376,-111.94407,2014-11-07,,,0.5,0.4
SNOTEL,NORTH RAPID CREEK,920:SD:SNTL,6130,False,-7,44.20617,-103.78758,2014-11-07,1,1,0.1,0.1
SNOTEL,FROHNER MEADOW,487:MT:SNTL,6480,False,-7,46.43545,-112.19277,2014-11-07,,,0.1,0.1
SNOTEL,RED RIVER PASS #2,715:NM:SNTL,9850,True,-7,36.69925,-105.34125,2014-11-07,0,0,0.0,0.0
SNOTEL,MOSS SPRINGS,647:OR:SNTL,5760,False,-8,45.27173,-117.68747,2014-11-07,,,0.1,0.0
SNOTEL,KENDALL R.S.,555:WY:SNTL,7740,False,-7,43.2493,-110.01662,2014-11-07,1,0,0.2,0.0
SNOTEL,ROCKER PEAK,722:MT:SNTL,8000,False,-7,46.35613,-112.26176,2014-11-07,1,0,0.7,0.0
SNOTEL,IDARADO,538:CO:SNTL,9800,False,-7,37.9339,-107.67552,2014-11-07,0,0,0.0,0.0
SNOTEL,SAVAGE PASS,735:ID:SNTL,6170,False,-8,46.46633,-114.63333,2014-11-07,4,-1,1.2,-0.1
SNOTEL,BRUNDAGE RESERVOIR,370:ID:SNTL,6250,False,-7,45.04315,-116.13253,2014-11-07,,,0.3,0.1
SNOTEL,UPPER SAN JUAN,840:CO:SNTL,10200,False,-7,37.48576,-106.83535,2014-11-07,3,-1,1.2,0.2
SNOTEL,SHOWER FALLS,754:MT:SNTL,8100,False,-7,45.40125,-110.95758,2014-11-07,1,-1,0.5,0.0
SNOTEL,BALD MTN AM,1240:NV:SNTL,6720,False,-8,41.78333,-119.61667,,,,,
SNOTEL,CORONADO TRAIL,416:AZ:SNTL,8400,False,-7,33.80392,-109.15282,2014-11-07,1,-1,0.0,0.0
SNOTEL,KIRWIN,560:WY:SNTL,9550,False,-7,43.86067,-109.32163,2014-11-07,0,0,0.2,0.2
SNOTEL,IRISH TAYLOR,545:OR:SNTL,5540,False,-8,43.80368,-121.94793,2014-11-07,0,0,0.1,0.0
SNOTEL,LOST HORSE,599:WA:SNTL,5120,True,-8,46.3575,-121.08095,2014-11-07,0,0,0.0,0.0
SNOTEL,TURNAGAIN PASS,954:AK:SNTL,1880,False,-9,60.78043,-149.18325,2014-11-07,33,14,2.8,0.2
SNOTEL,UNIVERSITY CAMP,838:CO:SNTL,10300,False,-7,40.03279,-105.57615,2014-11-07,1,0,0.2,0.1
SNOTEL,HOBBS PARK,525:WY:SNTL,10100,False,-7,42.86984,-109.09455,2014-11-07,2,0,0.9,0.1
SNOTEL,RAWAH,1032:CO:SNTL,9020,False,-7,40.7075,-106.0076,2014-11-07,7,-1,1.7,0.0
SNOTEL,SACAJAWEA,929:MT:SNTL,6550,False,-7,45.87395,-110.92783,2014-11-07,0,0,0.0,0.0
SNOTEL,COLD SPRINGS CAMP,406:OR:SNTL,5940,False,-8,42.53305,-122.17683,2014-11-07,0,0,0.0,0.0
SNOTEL,TIPTON,821:OR:SNTL,5150,False,-8,44.65567,-118.42617,2014-11-07,0,0,0.0,0.0
SNOTEL,SPRUCE SPRINGS,984:WA:SNTL,5700,True,-8,46.18287,-117.54155,2014-11-07,1,1,0.0,0.0
SNOTEL,SUU RANCH,1248:UT:SNTL,8179,False,-7,37.59627,-112.92122,2014-11-07,1,0,0.2,-0.1
SNOTEL,LAMANCE CREEK,569:NV:SNTL,6000,False,-8,41.51542,-117.63197,2014-11-07,1,-1,0.3,-0.3
SNOTEL,CARSON PASS,1067:CA:SNTL,8353,False,-8,38.69308,-119.99335,2014-11-07,0,0,0.4,0.0
SNOTEL,DEADMAN CREEK,437:MT:SNTL,6450,False,-7,46.79279,-110.67545,2014-11-07,0,0,0.0,0.0
SNOTEL,NORTH FRENCH CREEK,668:WY:SNTL,10130,False,-7,41.3308,-106.37555,2014-11-07,5,0,1.2,0.0
SNOTEL,ROGGER MEADOW AM,1219:OR:SNTLT,6360,False,-8,42.17,-120.25,2014-11-07,0,0,,
SNOTEL,MERRITT MOUNTAIN,1207:NV:SNTLT,7000,False,-8,41.8928,-115.8582,2014-11-07,0,0,,
SNOTEL,KILN,556:CO:SNTL,9600,False,-7,39.31724,-106.61453,2014-11-07,1,0,0.2,0.0
SNOTEL,STARR RIDGE,789:OR:SNTL,5250,False,-8,44.26423,-119.02162,2014-11-07,,,0.0,0.0
SNOTEL,BISSON CREEK,346:MT:SNTL,4920,False,-7,47.68389,-113.99901,2014-11-07,0,-2,0.0,-0.5
SNOTEL,WOOD CREEK,876:MT:SNTL,5960,False,-7,47.44847,-112.81428,2014-11-07,0,0,0.0,0.0
SNOTEL,UPPER WHEELER,841:WA:SNTL,4330,False,-8,47.28734,-120.37015,2014-11-07,,,0.1,0.0
SNOTEL,TRINITY,1171:WA:SNTL,2930,False,-8,48.0747,-120.8493,2014-11-07,0,0,0.1,-0.1
SNOTEL,BONANZA CREEK,208:AK:MSNT,1150,False,-9,64.75,-148.3,,,,,
SNOTEL,PIGTAIL PEAK,692:WA:SNTL,5800,False,-8,46.62153,-121.38643,2014-11-07,0,0,0.0,0.0
SNOTEL,POLE CANYON,1244:NV:SNTL,7700,False,-7,40.86235,-115.12092,2014-11-07,,,0.1,-0.3
SNOTEL,EAST WILLOW CREEK,461:UT:SNTL,8301,False,-7,39.312,-109.5318,2014-11-07,,,0.1,0.1
SNOTEL,SQUAW FLAT,782:ID:SNTL,6240,False,-7,44.77083,-116.24861,2014-11-07,1,0,0.1,0.0
SNOTEL,HIDDEN LAKE,988:ID:SNTL,5040,False,-8,48.8937,-116.75748,2014-11-07,1,0,0.0,0.0
SNOTEL,SOUTH FORK BULL RUN,925:OR:SNTL,2690,False,-8,45.44575,-122.03125,2014-11-07,,,0.0,0.0
SNOTEL,PORCUPINE,700:MT:SNTL,6500,False,-7,46.11192,-110.4696,2014-11-07,0,0,0.0,0.0
SNOTEL,HAYDEN PASS,1102:CO:SNTL,10720,False,-7,38.29326,-105.8505,2014-11-07,1,0,0.7,0.0
SNOTEL,TOLBY,934:NM:SNTL,10180,False,-7,36.47493,-105.19468,2014-11-07,0,0,0.2,0.0
SNOTEL,HOGG PASS,526:OR:SNTL,4790,False,-8,44.42042,-121.85655,2014-11-07,0,0,0.0,0.0
SNOTEL,MONITOR PASS,633:CA:SNTL,8310,False,-8,38.66828,-119.60867,2014-11-07,1,1,0.1,0.1
SNOTEL,BLIND BULL SUM,353:WY:SNTL,8650,False,-7,42.964,-110.60973,2014-11-07,0,-1,0.7,0.1
SNOTEL,SHERMAN VALLEY AM,1220:OR:SNTLT,6630,False,-8,42.35,-120.22,2014-11-07,1,0,,
SNOTEL,SILVER CREEK DIVIDE,757:NM:SNTL,9000,True,-7,33.37106,-108.70618,2014-11-07,1,0,0.0,0.0
SNOTEL,BLOODY DICK,355:MT:SNTL,7600,False,-7,45.16507,-113.50099,2014-11-07,0,-1,0.0,-0.2
SNOTEL,BEAR LAKE,322:CO:SNTL,9500,False,-7,40.31118,-105.64483,2014-11-07,0,-1,0.2,0.0
SNOTEL,LONE MOUNTAIN,590:MT:SNTL,8880,False,-7,45.27412,-111.42692,2014-11-07,0,0,0.0,0.0
SNOTEL,SLUG CREEK DIVIDE,761:ID:SNTL,7225,False,-7,42.56248,-111.29797,2014-11-07,1,0,0.1,0.1
SNOTEL,WEBBER SPRINGS,852:WY:SNTL,9250,False,-7,41.15946,-106.92714,2014-11-07,3,-1,0.7,0.1
SNOTEL,RAINBOW CANYON,1110:NV:SNTL,7920,False,-8,36.2493,-115.62972,2014-11-07,0,0,0.0,0.0
SNOTEL,FARMINGTON LOWER,1054:UT:SNTL,6779,False,-7,40.97483,-111.80933,2014-11-07,,,0.0,0.0
SNOTEL,STRAWBERRY,794:OR:SNTL,5770,False,-8,42.12587,-120.8361,2014-11-07,0,,0.0,0.0
SNOTEL,SAINT ELMO,1100:CO:SNTL,10540,False,-7,38.69978,-106.36801,2014-11-07,2,0,0.6,0.0
SNOTEL,MILLER WOODS,1084:OR:SNTL,420,True,-8,45.24755,-123.27563,2014-11-07,,,0.0,0.0
SNOTEL,SNIDER BASIN,765:WY:SNTL,8060,False,-7,42.4949,-110.53203,2014-11-07,,,0.3,0.2
SNOTEL,MOSQUITO RIDGE,645:ID:SNTL,5200,False,-8,48.05737,-116.23052,2014-11-07,0,,0.0,0.0
SNOTEL,SNAKE RIVER STATION,764:WY:SNTL,6920,False,-7,44.13361,-110.66917,2014-11-07,,,0.1,0.0
SNOTEL,SCHWEITZER BASIN,738:ID:SNTL,6090,True,-8,48.37428,-116.63917,2014-11-07,0,,0.1,-0.2
SNOTEL,HORSE RIDGE,533:UT:SNTL,8160,False,-7,41.31367,-111.44583,2014-11-07,1,0,0.3,0.0
SNOTEL,CHOCOLATE GULCH,895:ID:SNTL,6440,False,-7,43.7685,-114.41812,2014-11-07,,,0.0,-0.1
SNOTEL,GRANITE PEAK,498:NV:SNTL,8543,False,-8,41.67042,-117.56663,2014-11-07,4,-1,0.5,-0.2
SNOTEL,BATTLE MOUNTAIN,317:WY:SNTL,7440,False,-7,41.05413,-107.26609,2014-11-07,1,-1,0.5,0.0
SNOTEL,HIGH LONESOME,1187:CO:SNTL,10620,False,-7,40.03592,-105.75471,2014-11-07,4,-1,0.9,0.0
SNOTEL,STEVENS PASS,791:WA:SNTL,3950,False,-8,47.74607,-121.09288,2014-11-07,0,0,0.0,0.0
SNOTEL,ROCKY BASIN-SETTLEME,723:UT:SNTL,8900,False,-7,40.4425,-112.24065,2014-11-07,,,0.4,-0.1
SNOTEL,QUEMAZON,708:NM:SNTL,9500,True,-7,35.92244,-106.39203,2014-11-07,1,0,0.1,0.0
SNOTEL,DIAMOND PEAK,443:NV:SNTL,8033,False,-8,39.5637,-115.84332,2014-11-07,1,0,0.0,-0.1
SNOTEL,WORKMAN CREEK,877:AZ:SNTL,6900,False,-7,33.81242,-110.91773,2014-11-07,1,0,0.0,0.0
SNOTEL,HOWARD PRAIRIE,1158:OR:SNTL,4580,False,-8,42.215,-122.3713,2014-11-07,0,0,0.0,0.0
SNOTEL,EAGLE SUMMIT,960:AK:SNTL,3650,True,-9,65.48588,-145.41212,2014-11-07,14,1,,
SNOTEL,FLATTOP MTN.,482:MT:SNTL,6300,True,-7,48.80225,-113.85713,2014-11-07,6,-4,2.2,-0.2
SNOTEL,SPIRIT LK,1117:UT:SNTL,10235,False,-7,40.83868,-110.00527,2014-11-07,3,-2,1.2,0.1
SNOTEL,CLEAR CREEK #1,399:UT:SNTL,8908,False,-7,39.86667,-111.28357,2014-11-07,0,0,0.2,0.2
SNOTEL,JACKS PEAK,549:NV:SNTL,8420,False,-8,41.53042,-116.01313,2014-11-07,7,-1,,
SNOTEL,SADDLE MTN.,727:MT:SNTL,7940,False,-7,45.69259,-113.96828,2014-11-07,8,-1,2.0,0.0
SNOTEL,DUPUYER CREEK,458:MT:SNTL,5750,False,-7,48.06341,-112.7573,2014-11-07,0,0,0.0,0.0
SNOTEL,SOUTH COLONY,773:CO:SNTL,10800,False,-7,37.96811,-105.53787,2014-11-07,5,-1,1.2,0.1
SNOTEL,COPPER CAMP,414:MT:SNTL,6950,True,-7,47.08158,-112.72955,2014-11-07,1,-1,0.5,-0.5
SNOTEL,BUCKINGHORSE,1107:WA:SNTL,4870,False,-8,47.7086,-123.45747,2014-11-07,,,0.1,0.1
SNOTEL,REES FLAT,1217:UT:SNTL,7211,False,-7,39.49672,-111.7252,2014-11-07,2,2,0.3,0.3
SNOTEL,CRYSTAL LAKE,427:MT:SNTL,6050,False,-7,46.78942,-109.51205,2014-11-07,1,-2,0.1,-0.3
SNOTEL,CROW CREEK,1045:WY:SNTL,8330,True,-7,41.2287,-105.38278,2014-11-07,2,-1,0.5,0.0
SNOTEL,MARQUETTE,616:WY:SNTL,8760,False,-7,44.3016,-109.24019,2014-11-07,0,0,0.0,0.0
SNOTEL,LITTLE GOOSE,1131:WY:SNTL,8870,False,-7,44.54315,-107.17865,2014-11-07,0,0,0.0,0.0
SNOTEL,MONTE CRISTO,634:UT:SNTL,8960,False,-7,41.46583,-111.49667,2014-11-07,0,-1,0.3,0.2
SNOTEL,ROCKY POINT,973:AK:SNTL,250,True,-9,64.53482,-163.4214,2014-11-07,3,0,,
SNOTEL,POISON FLAT,697:CA:SNTL,7736,False,-8,38.50553,-119.62612,2014-11-07,0,0,0.0,0.0
SNOTEL,BEAVER CK VILLAGE,1041:CO:SNTL,8500,False,-7,39.59917,-106.51142,2014-11-07,0,-2,0.3,0.0
SNOTEL,S FORK SHIELDS,725:MT:SNTL,8100,False,-7,46.0896,-110.43363,2014-11-07,0,0,0.0,0.0
SNOTEL,ANIAK,2065:AK:SCAN,80,False,-9,61.58337,-159.57708,2014-11-07,5,1,,
SNOTEL,CASCADE #2,387:CO:SNTL,8920,False,-7,37.658,-107.80268,2014-11-07,0,0,0.0,0.0
SNOTEL,COLD SPRINGS,405:WY:SNTL,9630,False,-7,43.27676,-109.44585,2014-11-07,0,0,0.0,0.0
SNOTEL,SENORITA DIVIDE #2,744:NM:SNTL,8600,True,-7,36.00198,-106.83348,2014-11-07,1,0,0.0,0.0
SNOTEL,CRAB CREEK,424:ID:SNTL,6860,False,-7,44.43672,-111.99348,2014-11-07,1,,0.2,-0.1
SNOTEL,COPELAND LAKE,412:CO:SNTL,8600,False,-7,40.20778,-105.56861,2014-11-07,0,0,0.0,0.0
SNOTEL,V LAKE AM,1237:OR:SNTLT,6640,False,-8,42.46573,-118.76583,2014-11-07,1,0,,
SNOTEL,BEAVER DAMS,329:UT:SNTL,7990,False,-7,39.13683,-111.55813,2014-11-07,0,0,0.4,0.4
SNOTEL,MT. ALYESKA,1103:AK:SNTL,1540,False,-9,60.95983,-149.08617,2014-11-07,12,0,,
SNOTEL,ANTHONY LAKE,1245:OR:SNTLT,7160,False,-8,44.9591,-118.22668,,,,,
SNOTEL,SUCKER CREEK,798:WY:SNTL,8880,False,-7,44.7225,-107.40033,2014-11-07,0,0,0.0,0.0
SNOTEL,SATUS PASS,1231:WA:SNTL,3960,False,-8,45.98797,-120.67734,2014-11-07,7,1,0.0,0.0
SNOTEL,PARK CONE,680:CO:SNTL,9600,False,-7,38.81996,-106.58974,2014-11-07,2,0,0.6,0.0
SNOTEL,BADGER PASS,307:MT:SNTL,6900,False,-7,48.13088,-113.02317,2014-11-07,4,-2,1.4,-0.2
SNOTEL,SASSE RIDGE,734:WA:SNTL,4340,True,-8,47.38485,-121.06323,2014-11-07,0,0,0.0,0.0
SNOTEL,BLACKS FORK JCT,1162:UT:SNTL,8870,False,-7,40.9581,-110.5828,2014-11-07,0,0,0.0,0.0
SNOTEL,BOURNE,361:OR:SNTL,5850,False,-8,44.83052,-118.18787,2014-11-07,0,,0.1,0.0
SNOTEL,OXFORD SPRING,677:ID:SNTL,6740,False,-7,42.26015,-112.12515,2014-11-07,0,0,0.1,0.0
SNOTEL,PHILLIPS BENCH,689:WY:SNTL,8200,False,-7,43.51948,-110.91103,2014-11-07,0,0,0.2,0.2
SNOTEL,BEAR TRAP MEADOW,325:WY:SNTL,8200,False,-7,43.88743,-107.06135,2014-11-07,0,0,0.0,0.0
SNOTEL,MAMMOTH-COTTONWOOD,612:UT:SNTL,8727,False,-7,39.68333,-111.31818,2014-11-07,0,0,0.1,0.1
SNOTEL,CROWDER FLAT,977:CA:SNTL,5170,False,-8,41.89318,-120.75202,2014-11-07,,,0.0,0.0
SNOTEL,ROCK SPRINGS,721:OR:SNTL,5290,False,-8,44.00883,-118.83842,2014-11-07,0,0,0.0,0.0
SNOTEL,NORTHEAST ENTRANCE,670:MT:SNTL,7350,False,-7,45.00565,-110.01406,2014-11-07,0,0,0.0,0.0
SNOTEL,GRAYBACK,1058:CO:SNTL,11620,False,-7,37.47033,-106.53783,2014-11-07,2,-2,1.3,0.0
SNOTEL,OVERLAND RES.,675:CO:SNTL,9840,False,-7,39.09056,-107.63472,2014-11-07,3,-2,0.9,0.0
SNOTEL,HARTS PASS,515:WA:SNTL,6490,True,-8,48.72047,-120.6586,2014-11-07,7,-1,2.6,-0.2
SNOTEL,SUMMIT RANCH,802:CO:SNTL,9400,False,-7,39.71796,-106.15802,2014-11-07,0,0,0.0,0.0
SNOTEL,FORT VALLEY,1121:AZ:SNTL,7350,False,-7,35.26806,-111.74486,2014-11-07,0,0,0.0,-0.1
SNOTEL,LIGHTNING RIDGE,1056:UT:SNTL,8215,False,-7,41.35883,-111.48747,2014-11-07,0,-1,0.5,0.0
SNOTEL,MORMON MTN SUMMIT,1125:AZ:SNTL,8500,False,-7,34.96964,-111.50922,2014-11-07,0,0,0.1,0.0
SNOTEL,MOUNT LOCKHART,649:MT:SNTL,6400,False,-7,47.91727,-112.8238,2014-11-07,0,-1,0.0,-0.5
SNOTEL,JONES PASS,970:CO:SNTL,10400,False,-7,39.7645,-105.90623,2014-11-07,2,0,0.3,0.0
SNOTEL,LOVELAND BASIN,602:CO:SNTL,11400,False,-7,39.67433,-105.90133,2014-11-07,5,0,1.3,0.0
SNOTEL,SCOTCH CREEK,739:CO:SNTL,9100,False,-7,37.64556,-108.00786,2014-11-07,1,0,0.1,0.0
SNOTEL,AMERICAN CREEK,1189:AK:SNTL,1050,False,-9,64.78969,-141.23376,2014-11-07,8,0,1.6,0.0
SNOTEL,FOURMILE LAKE,483:OR:SNTL,5970,False,-8,42.43933,-122.2288,2014-11-07,0,,0.0,0.0
SNOTEL,INDEPENDENCE LAKE,541:CA:SNTL,8352,True,-8,39.42752,-120.31342,2014-11-07,0,0,0.1,-0.1
SNOTEL,BLACK PINE,349:MT:SNTL,7210,False,-7,46.414,-113.43095,2014-11-07,0,-2,0.0,-0.2
SNOTEL,GLEN COVE,1057:CO:SNTL,11460,False,-7,38.87583,-105.07367,2014-11-07,0,0,0.0,0.0
SNOTEL,TOGWOTEE PASS,822:WY:SNTL,9580,False,-7,43.74902,-110.0578,2014-11-07,2,-1,1.3,0.1
SNOTEL,BEARTOWN,327:CO:SNTL,11600,False,-7,37.71409,-107.51212,2014-11-07,6,-1,1.6,-0.1
SNOTEL,PROMONTORY,705:AZ:SNTL,7930,False,-7,34.36824,-111.01084,2014-11-07,1,0,0.0,0.0
SNOTEL,TAYLOR GREEN,812:OR:SNTL,5740,True,-8,45.07707,-117.55067,2014-11-07,0,0,0.1,-0.1
SNOTEL,KYLE CANYON,2141:NV:SCAN,7011,False,-8,36.26527,-115.60852,2014-11-07,0,0,,
SNOTEL,SOUTH BRUSH CREEK,772:WY:SNTL,8440,False,-7,41.32943,-106.50248,2014-11-07,2,0,0.5,0.1
SNOTEL,BIG RED MOUNTAIN,341:OR:SNTL,6050,False,-8,42.05257,-122.85487,2014-11-07,0,,0.0,0.0
SNOTEL,CSS LAB,428:CA:SNTL,6855,False,-8,39.32565,-120.36807,2014-11-07,,,0.1,0.0
SNOTEL,JACK CREEK UPPER,548:NV:SNTL,7250,False,-8,41.54675,-116.00517,2014-11-07,4,-1,1.1,0.0
SNOTEL,CHICKEN RIDGE,2150:UT:SCAN,7656,False,-7,41.33144,-111.30356,2014-11-07,0,0,,
SNOTEL,LITTLE SNAKE RIVER,1047:WY:SNTL,8915,False,-7,41.07053,-106.94283,2014-11-07,1,0,0.6,0.0
SNOTEL,RED PINE RIDGE,714:UT:SNTL,9009,False,-7,39.45183,-111.27218,2014-11-07,0,0,0.0,0.0
SNOTEL,GOOSEBERRY R.S.,495:UT:SNTL,7950,False,-7,38.80033,-111.68325,2014-11-07,1,0,0.1,-0.3
SNOTEL,ELK BUTTE,466:ID:SNTL,5690,False,-8,46.83998,-116.12233,2014-11-07,0,0,0.1,0.0
SNOTEL,LUCKY STRIKE,605:OR:SNTL,4970,False,-8,45.27478,-118.8479,2014-11-07,0,0,0.0,0.0
SNOTEL,RUBICON #2,724:CA:SNTL,7689,False,-8,38.9992,-120.13032,2014-11-07,1,1,0.3,0.1
SNOTEL,BANFIELD MOUNTAIN,311:MT:SNTL,5600,False,-7,48.5712,-115.44573,2014-11-07,0,0,0.0,0.0
SNOTEL,BOWMAN SPRINGS,362:OR:SNTL,4530,False,-8,45.36428,-118.46715,2014-11-07,0,0,0.0,0.0
SNOTEL,SENTINEL BUTTE,1043:WA:SNTL,4680,False,-8,48.86133,-118.39843,2014-11-07,,,0.1,0.1
SNOTEL,PALO,1170:NM:SNTL,9350,True,-7,36.40848,-105.33063,2014-11-07,0,0,0.1,0.0
SNOTEL,HENRYS FORK,1193:UT:SNTLT,10000,False,-7,40.86313,-110.38145,2014-11-07,3,-1,,
SNOTEL,TROUGH SPRINGS,2142:NV:SCAN,7848,False,-8,36.37353,-115.79437,2014-11-07,0,0,,
SNOTEL,LITTLE WARM,585:WY:SNTL,9370,False,-7,43.50278,-109.752,2014-11-07,2,0,0.5,0.0
SNOTEL,WHITE RIVER NV,1213:NV:SNTLT,7440,False,-8,38.94565,-115.37918,2014-11-07,0,0,,
SNOTEL,STUART MOUNTAIN,901:MT:SNTL,7400,False,-7,46.99523,-113.92664,2014-11-07,11,-1,2.7,0.0
SNOTEL,SKOOKUM CREEK,912:WA:SNTL,3310,True,-8,47.68433,-121.61007,2014-11-07,0,0,0.0,-0.2
SNOTEL,BETTLES FIELD,1182:AK:SNTL,640,False,-9,66.91667,-151.53333,2014-11-07,1,1,0.0,0.0
SNOTEL,DRY BREAD POND,455:UT:SNTL,8350,False,-7,41.413,-111.53783,2014-11-07,,,0.0,0.0
SNOTEL,CASPER MTN.,389:WY:SNTL,7900,False,-7,42.73389,-106.31861,2014-11-07,0,-1,0.2,-0.1
SNOTEL,SUN PASS,1078:OR:SNTL,5400,True,-8,42.78637,-121.97715,2014-11-07,,,0.0,0.0
SNOTEL,INDEPENDENCE CREEK,540:CA:SNTL,6456,False,-8,39.49017,-120.28128,2014-11-07,,,0.1,0.0
SNOTEL,DALY LAKE,434:OR:SNTL,3690,False,-8,44.52147,-122.08718,2014-11-07,,,0.0,0.0
SNOTEL,HUMBOLDT GULCH,535:ID:SNTL,4250,False,-8,47.53178,-115.77643,2014-11-07,1,0,0.0,0.0
SNOTEL,LARSEN CREEK,1134:WY:SNTL,9000,False,-7,42.5801,-109.0883,2014-11-07,0,,0.2,0.1
SNOTEL,SALMON MEADOWS,728:WA:SNTL,4460,False,-8,48.65518,-119.8383,2014-11-07,,,0.0,-0.1
SNOTEL,SCHNEIDER MEADOWS,736:OR:SNTL,5400,False,-8,45.00107,-117.16522,2014-11-07,1,1,0.0,0.0
SNOTEL,SUMMIT LK,1194:NV:SNTL,7609,False,-8,41.48953,-118.99663,2014-11-07,1,-2,0.2,-0.4
SNOTEL,MARLETTE LAKE,615:NV:SNTL,7880,False,-8,39.16395,-119.89672,2014-11-07,2,0,0.5,0.0
SNOTEL,SWAMP CREEK,975:WA:SNTL,3930,True,-8,48.57142,-120.78267,2014-11-07,,,0.0,-0.1
SNOTEL,CHALK CREEK #2,393:UT:SNTL,8158,False,-7,40.88533,-111.06932,2014-11-07,1,-1,0.1,0.0
SNOTEL,RED MOUNTAIN PASS,713:CO:SNTL,11200,False,-7,37.8918,-107.71342,2014-11-07,2,0,0.7,0.0
SNOTEL,VAIL MOUNTAIN,842:CO:SNTL,10300,False,-7,39.61676,-106.38006,2014-11-07,1,-1,1.2,1.2
SNOTEL,BIG SANDY OPENING,342:WY:SNTL,9080,True,-7,42.64682,-109.25965,2014-11-07,3,-1,0.7,0.1
SNOTEL,NEW FORK LAKE,661:WY:SNTL,8340,False,-7,43.11265,-109.94947,2014-11-07,0,0,0.4,0.1
SNOTEL,SPRATT CREEK,778:CA:SNTL,6115,False,-8,38.66625,-119.81755,2014-11-07,0,0,0.0,0.0
SNOTEL,N FK ELK CREEK,657:MT:SNTL,6250,False,-7,46.8716,-113.27725,2014-11-07,1,1,0.0,0.0
SNOTEL,MC CLURE PASS,618:CO:SNTL,9500,False,-7,39.12897,-107.28806,2014-11-07,0,0,0.1,-0.1
SNOTEL,TINKHAM CREEK,899:WA:SNTL,2990,False,-8,47.33198,-121.46975,2014-11-07,,,0.0,0.0
SNOTEL,KIMBERLY MINE,557:UT:SNTL,9129,False,-7,38.48383,-112.39282,2014-11-07,1,0,0.0,-0.2
SNOTEL,MILL CREEK SUMMIT,627:ID:SNTL,8800,False,-7,44.47212,-114.48992,2014-11-07,6,0,1.3,0.1
SNOTEL,COLE CANYON,982:WY:SNTL,5910,False,-7,44.48632,-104.41057,2014-11-07,0,0,0.0,0.0
SNOTEL,ALTHOUSE,1239:OR:SNTLT,4970,False,-8,41.99617,-123.547,,,,,
SNOTEL,FRISCO DIVIDE,486:NM:SNTL,8000,False,-7,33.73646,-108.94502,2014-11-07,1,0,0.0,0.0
SNOTEL,OLALLIE MEADOWS,672:WA:SNTL,4030,False,-8,47.37406,-121.44213,2014-11-07,0,,0.0,0.0
SNOTEL,EL DIENTE PEAK,465:CO:SNTL,10000,False,-7,37.78617,-108.02155,2014-11-07,1,0,0.0,0.0
SNOTEL,DORSEY BASIN,453:NV:SNTL,8100,False,-8,40.89333,-115.20483,2014-11-07,2,-1,0.5,-0.2
SNOTEL,POCKET CREEK,1133:WY:SNTL,9360,False,-7,42.7121,-109.4112,2014-11-07,2,0,0.4,0.1
SNOTEL,MORES CREEK SUMMIT,637:ID:SNTL,6100,True,-7,43.932,-115.66588,2014-11-07,,,0.0,-0.1
SNOTEL,SMILEY MOUNTAIN,926:ID:SNTL,9520,True,-7,43.72718,-113.83402,2014-11-07,6,-1,2.1,0.0
SNOTEL,SOUTH MTN.,774:ID:SNTL,6500,False,-7,42.76478,-116.90037,2014-11-07,0,-1,0.2,-0.5
SNOTEL,LOOKOUT MOUNTAIN,595:NM:SNTL,8500,False,-7,33.36027,-107.83122,2014-11-07,0,0,0.2,0.0
SNOTEL,CORDUROY FLAT,1209:NV:SNTLT,8720,False,-8,38.9965,-115.4245,2014-11-07,0,0,,
SNOTEL,WATERHOLE,974:WA:SNTL,5010,True,-8,47.94485,-123.42594,2014-11-07,,,0.0,0.0
SNOTEL,MCKENZIE,619:OR:SNTL,4770,False,-8,44.2103,-121.87292,2014-11-07,0,0,0.1,0.1
SNOTEL,SCHOFIELD PASS,737:CO:SNTL,10700,False,-7,39.01522,-107.04877,2014-11-07,6,-1,1.4,0.0
SNOTEL,TRAPPER LAKE,827:CO:SNTL,9700,False,-7,39.99884,-107.2362,2014-11-07,1,-1,0.6,0.1
SNOTEL,WARD MOUNTAIN,849:NV:SNTL,9200,False,-8,39.13242,-114.95575,2014-11-07,1,-1,0.1,-0.3
SNOTEL,WHITE HORSE LAKE,861:AZ:SNTL,7180,False,-7,35.14202,-112.14915,2014-11-07,1,0,0.2,0.0
SNOTEL,VACAS LOCAS,1017:NM:SNTL,9306,True,-7,36.02635,-106.81362,2014-11-07,0,0,0.1,0.1
SNOTEL,COLDFOOT,958:AK:SNTL,1040,False,-9,67.25333,-150.183,2014-11-07,5,0,1.0,0.1
SNOTEL,REX RIVER,911:WA:SNTL,3810,True,-8,47.30218,-121.60475,2014-11-07,,,0.0,0.0
SNOTEL,BOSTETTER R.S.,359:ID:SNTL,7500,False,-7,42.16389,-114.1925,2014-11-07,,,0.0,0.0
SNOTEL,SOLDIER R.S.,769:ID:SNTL,5740,False,-7,43.48407,-114.82692,2014-11-07,,,0.1,0.1
SNOTEL,MOUNT CRAG,648:WA:SNTL,3960,False,-8,47.7637,-123.026,2014-11-07,0,0,0.0,0.0
SNOTEL,LONG LAKE,1001:AK:SNTL,850,False,-9,58.186,-133.83217,2014-11-07,1,1,0.6,0.6
SNOTEL,CANYON,384:WY:SNTL,7870,False,-7,44.71961,-110.51084,2014-11-07,2,0,0.7,-0.1
SNOTEL,BURROUGHS CREEK,379:WY:SNTL,8750,False,-7,43.69733,-109.67021,2014-11-07,0,0,0.0,0.0
SNOTEL,AMERICAN BEAUTY,1198:NV:SNTLT,7800,False,-8,40.5337,-115.4576,2014-11-07,0,,,
SNOTEL,DERR.,440:OR:SNTL,5850,False,-8,44.4465,-119.93012,2014-11-07,0,0,0.0,0.0
SNOTEL,YANKEE RESERVOIR,1197:UT:SNTL,9972,False,-7,37.748,-112.775,2014-11-07,3,0,0.5,0.0
SNOTEL,ECHO LAKE,936:CO:SNTL,10600,False,-7,39.65627,-105.59345,2014-11-07,0,0,0.2,0.1
SNOTEL,TRINCHERA,829:CO:SNTL,10860,False,-7,37.35328,-105.23233,2014-11-07,3,0,0.5,0.0
SNOTEL,HEBER,519:AZ:SNTL,7640,False,-7,34.31202,-110.75431,2014-11-07,0,0,0.0,-0.1
SNOTEL,ROBINSON LAKE,1199:NV:SNTLT,9200,False,-8,40.7237,-115.2788,2014-11-07,3,1,,
SNOTEL,BRIAN HEAD,1154:UT:SNTL,9972,False,-7,37.68025,-112.85653,2014-11-07,2,-1,1.2,0.1
SNOTEL,BLACKHALL MTN,1119:WY:SNTL,9820,False,-7,41.05616,-106.71384,2014-11-07,6,-3,1.6,0.1
SNOTEL,BIG GOOSE,931:WY:SNTL,7990,True,-7,44.57924,-107.20068,2014-11-07,0,0,0.0,0.0
SNOTEL,RAGGED MOUNTAIN,1081:ID:SNTL,4210,False,-8,47.85583,-117.03667,2014-11-07,1,0,0.0,0.0
SNOTEL,NEZ PERCE CAMP,662:MT:SNTL,5650,False,-7,45.73107,-114.48075,2014-11-07,1,-1,0.5,0.0
SNOTEL,FAWN CREEK,476:NV:SNTL,7000,False,-8,41.82098,-116.10153,2014-11-07,7,-1,1.7,-0.1
SNOTEL,BEAGLE SPRINGS,318:MT:SNTL,8850,False,-7,44.47147,-112.98191,2014-11-07,2,1,0.4,0.1
SNOTEL,TROUT CREEK,833:UT:SNTL,9518,False,-7,40.739,-109.6728,2014-11-07,2,-1,0.2,0.2
SNOTEL,SYLVAN LAKE,806:WY:SNTL,8420,False,-7,44.47764,-110.15651,2014-11-07,1,-1,0.6,0.0
SNOTEL,LEE CANYON,1112:NV:SNTL,8626,True,-8,36.30537,-115.67508,2014-11-07,1,0,0.1,-0.2
SNOTEL,UPPER TAYLOR,1141:CO:SNTL,10640,False,-7,38.99077,-106.75422,2014-11-07,0,0,0.0,-0.1
SNOTEL,CASCADE SUMMIT,388:OR:SNTL,5100,False,-8,43.59042,-122.0601,2014-11-07,0,0,0.0,0.0
SNOTEL,SWIFT CREEK,1012:WA:SNTL,4440,False,-8,46.1638,-122.18402,2014-11-07,1,1,0.1,0.1
SNOTEL,LONG VALLEY JCT,593:UT:SNTL,7464,False,-7,37.4875,-112.51453,2014-11-07,1,1,0.0,0.0
SNOTEL,HEWINTA,521:UT:SNTL,9519,False,-7,40.95,-110.48417,2014-11-07,0,0,0.0,
SNOTEL,MED BOW,1196:WY:SNTL,10500,False,-7,41.37833,-106.34681,2014-11-07,8,-1,1.6,0.1
SNOTEL,ROARING RIVER,719:OR:SNTL,4950,False,-8,43.90098,-122.03063,2014-11-07,0,0,0.0,0.0
SNOTEL,HAWKINS LAKE,516:MT:SNTL,6450,False,-7,48.9723,-115.95337,2014-11-07,1,-1,0.1,-0.5
SNOTEL,POPE RIDGE,699:WA:SNTL,3590,False,-8,47.9909,-120.56622,2014-11-07,1,,0.0,0.0
SNOTEL,GREEN MOUNTAIN,503:NV:SNTL,8000,False,-8,40.38433,-115.52517,2014-11-07,1,1,0.0,0.0
SNOTEL,DANIELS-STRAWBERRY,435:UT:SNTL,8037,True,-7,40.29517,-111.25678,2014-11-07,0,-1,0.0,-0.1
SNOTEL,OWL CREEK,676:WY:SNTL,8975,False,-7,43.65868,-109.00988,2014-11-07,0,0,0.0,0.0
SNOTEL,GUTZ PEAK,1065:UT:SNTL,6763,False,-7,37.49617,-113.94235,2014-11-07,0,0,0.2,0.2
SNOTEL,LITTLE GRASSY,583:UT:SNTL,6100,False,-7,37.48633,-113.84578,2014-11-07,0,0,0.4,0.4
SNOTEL,OAK CREEK,1146:UT:SNTL,7850,False,-7,39.3485,-112.32639,2014-11-07,3,-1,1.0,0.1
SNOTEL,MCKNIGHT CABIN,1048:NM:SNTL,9240,True,-7,33.00812,-107.86975,2014-11-07,1,0,0.2,-0.1
SNOTEL,LYMAN LAKE,606:WA:SNTL,5980,False,-8,48.19798,-120.91678,2014-11-07,4,-2,1.1,-0.4
SNOTEL,DIAMOND LAKE,442:OR:SNTL,5280,False,-8,43.18787,-122.14003,2014-11-07,0,0,0.0,0.0
SNOTEL,BOX CANYON,363:MT:SNTL,6670,False,-7,45.2719,-110.24903,2014-11-07,0,0,0.0,0.0
SNOTEL,TAOS POWDERHORN,1168:NM:SNTL,11057,True,-7,36.58203,-105.45611,2014-11-07,6,0,1.2,0.0
SNOTEL,PARRISH CREEK,971:UT:SNTL,7740,True,-7,40.93417,-111.81372,2014-11-07,0,0,0.0,0.0
SNOTEL,ARBUCKLE MTN,304:OR:SNTL,5770,False,-8,45.19085,-119.25392,2014-11-07,1,0,0.0,-0.1
SNOTEL,SMITH & MOREHOUSE,763:UT:SNTL,7600,False,-7,40.79,-111.1177,2014-11-07,1,0,0.0,0.0
SNOTEL,SUNSET,803:ID:SNTL,5540,False,-8,47.55545,-115.82422,2014-11-07,,,0.1,-0.1
SNOTEL,MILL-D NORTH,628:UT:SNTL,8967,False,-7,40.65883,-111.63693,2014-11-07,0,,0.3,0.0
SNOTEL,JOHNSON'S CAMP,1036:AK:SNTL,25,True,-9,64.5646,-164.29257,,,,,
SNOTEL,WHISKEY CK,857:CO:SNTL,10220,False,-7,37.21411,-105.12245,2014-11-07,0,-1,0.1,0.1
SNOTEL,SANDSTONE RS,732:WY:SNTL,8150,False,-7,41.11172,-107.1706,2014-11-07,1,0,0.2,-0.2
SNOTEL,TRINITY MTN.,830:ID:SNTL,7770,False,-7,43.62903,-115.43818,2014-11-07,6,0,1.2,0.0
SNOTEL,MADISON BUTTE,608:OR:SNTL,5150,True,-8,45.10513,-119.49585,2014-11-07,0,0,0.0,-0.1
SNOTEL,LEMHI RIDGE,576:MT:SNTL,8100,False,-7,44.9938,-113.44399,2014-11-07,1,0,0.4,0.0
SNOTEL,SONORA PASS,771:CA:SNTL,8827,False,-8,38.3103,-119.59942,2014-11-07,0,0,0.1,-0.1
SNOTEL,ATLANTA SUMMIT,306:ID:SNTL,7580,True,-7,43.7569,-115.23907,2014-11-07,2,-1,0.9,0.0
SNOTEL,GARDNER PEAK,1066:UT:SNTL,8322,False,-7,37.40083,-113.45988,2014-11-07,5,-1,1.7,0.1
SNOTEL,WESNER SPRINGS,854:NM:SNTL,11120,True,-7,35.77556,-105.5425,2014-11-07,,,0.5,-0.1
SNOTEL,CASTLE VALLEY,390:UT:SNTL,9580,False,-7,37.66083,-112.74095,2014-11-07,,,0.0,0.0
SNOTEL,FISH LAKE UTAH,1149:UT:SNTL,8798,False,-7,38.50455,-111.76693,2014-11-07,1,1,0.0,0.0
SNOTEL,STRAWBERRY DIVIDE,795:UT:SNTL,8123,False,-7,40.16483,-111.20665,2014-11-07,0,-1,0.4,0.2
SNOTEL,SEVENMILE MARSH,745:OR:SNTL,5700,False,-8,42.69825,-122.14165,2014-11-07,0,0,0.0,0.0
SNOTEL,CLAYTON SPRINGS,983:UT:SNTL,10049,False,-7,37.9725,-111.83355,2014-11-07,2,0,0.6,0.2
SNOTEL,CINNABAR PARK,1046:WY:SNTL,9574,False,-7,41.23837,-106.23095,2014-11-07,3,-1,0.7,0.1
SNOTEL,SMITH RIDGE,1167:OR:SNTL,3330,False,-8,44.3018,-122.0936,2014-11-07,,,0.0,0.0
SNOTEL,HARDSCRABBLE,896:UT:SNTL,7250,False,-7,40.86833,-111.71865,2014-11-07,,,0.2,0.0
SNOTEL,LEWIS LAKE DIVIDE,577:WY:SNTL,7850,True,-7,44.20862,-110.66628,2014-11-07,1,,0.1,-0.1
SNOTEL,SANTIAM JCT.,733:OR:SNTL,3740,False,-8,44.43503,-121.94502,2014-11-07,0,,0.0,0.0
SNOTEL,CHALK CREEK #1,392:UT:SNTL,8993,False,-7,40.8545,-111.04777,2014-11-07,1,-2,0.6,0.2
SNOTEL,THAYNES CANYON,814:UT:SNTL,9230,False,-7,40.6235,-111.53322,2014-11-07,4,-1,0.9,0.1
SNOTEL,WELLS CREEK,909:WA:SNTL,4030,True,-8,48.8661,-121.78976,2014-11-07,0,0,0.0,0.0
SNOTEL,LAKEFORK #1,566:UT:SNTL,10415,False,-7,40.59817,-110.43288,2014-11-07,3,0,0.4,-0.2
SNOTEL,REDDEN MINE LWR,1225:UT:SNTL,8500,False,-7,40.6745,-111.218,2014-11-07,0,0,0.2,0.0
SNOTEL,LYNN LAKE,1069:WA:SNTL,3900,False,-8,47.20172,-121.77972,2014-11-07,0,0,0.0,0.0
SNOTEL,MF NOOKSACK,1011:WA:SNTL,4970,True,-8,48.82453,-121.92951,2014-11-07,,,0.0,0.0
SNOTEL,MIDWAY VALLEY,626:UT:SNTL,9800,False,-7,37.56917,-112.83783,2014-11-07,4,0,1.6,0.3
SNOTEL,ROACH,718:CO:SNTL,9700,False,-7,40.87502,-106.04603,2014-11-07,3,0,0.5,0.0
SNOTEL,SALT RIVER SUMMIT,730:WY:SNTL,7760,False,-7,42.5075,-110.9099,2014-11-07,0,-1,0.0,0.0
SNOTEL,LOST LAKE,600:ID:SNTL,6110,False,-8,47.07187,-115.95808,2014-11-07,0,-2,0.3,-0.8
SNOTEL,CORRAL,1236:UT:SNTL,8159,False,-7,39.65692,-110.37985,2014-11-07,0,-1,0.1,-0.1
SNOTEL,STRINGER CREEK,1009:MT:SNTL,6550,False,-7,46.9269,-110.90198,2014-11-07,0,0,0.0,0.0
SNOTEL,CLOVER MEADOW,403:MT:SNTL,8600,False,-7,45.01788,-111.8456,2014-11-07,2,-1,0.9,0.0
SNOTEL,GROUSE CREEK DIVIDE,964:AK:SNTL,700,False,-9,60.25965,-149.34228,2014-11-07,1,1,0.5,0.5
SNOTEL,SOMSEN RANCH,770:ID:SNTL,6800,False,-7,42.95275,-111.35933,2014-11-07,1,0,0.0,0.0
SNOTEL,FISH CREEK,477:OR:SNTL,7660,False,-8,42.70992,-118.6321,2014-11-07,3,0,0.9,-0.2
SNOTEL,SHANGHI SUMMIT,747:ID:SNTL,4570,False,-8,46.56611,-115.74194,2014-11-07,0,0,0.0,-0.1
SNOTEL,LOUIS MEADOW,972:UT:SNTL,6700,True,-7,40.83033,-111.76457,2014-11-07,1,0,0.4,0.0
SNOTEL,REYNOLDS CREEK,2029:ID:SNTL,5600,False,-7,43.067,-116.75462,2014-11-07,0,,0.2,0.1
SNOTEL,WEST YELLOWSTONE,924:MT:SNTL,6700,False,-7,44.65866,-111.09199,2014-11-07,0,0,0.2,0.2
SNOTEL,LAKE IRENE,565:CO:SNTL,10700,False,-7,40.41432,-105.8198,2014-11-07,7,-1,1.3,0.1
SNOTEL,MOSCOW MOUNTAIN,989:ID:SNTL,4700,False,-8,46.805,-116.8535,2014-11-07,0,0,0.0,0.0
SNOTEL,LAKEFORK #3,1116:UT:SNTL,8464,False,-7,40.5502,-110.3529,2014-11-07,,,0.4,0.0
SNOTEL,INDIAN ROCK,1129:WA:SNTL,5360,False,-8,45.99077,-120.80767,2014-11-07,0,0,0.0,0.0
SNOTEL,MT. EYAK,1073:AK:SNTL,1405,True,-9,60.55,-145.745,2014-11-07,4,0,1.1,0.0
SNOTEL,CROSHO,426:CO:SNTL,9100,False,-7,40.16745,-107.0575,2014-11-07,0,-1,0.1,-0.2
SNOTEL,RIO SANTA BARBARA,1254:NM:SNTL,10664,True,-7,36.07192,-105.62947,2014-11-07,4,0,1.1,0.0
SNOTEL,SUMMIT LAKE,801:OR:SNTL,5610,False,-8,43.44907,-122.13808,2014-11-07,,,0.0,0.0
SNOTEL,DRY FORK,906:UT:SNTL,7093,False,-7,40.56533,-112.17343,2014-11-07,4,0,0.7,0.1
SNOTEL,DEFIANCE MINES,1210:NV:SNTLT,9200,False,-8,39.0852,-114.8997,2014-11-07,1,-2,,
SNOTEL,LOOKOUT PEAK,596:UT:SNTL,8200,False,-7,40.83733,-111.70915,2014-11-07,0,0,0.2,0.0
SNOTEL,QUARTZ MOUNTAIN,706:OR:SNTL,5720,True,-8,42.31923,-120.82533,2014-11-07,0,,0.0,0.0
SNOTEL,SLEEPING WOMAN,783:MT:SNTL,6150,False,-7,47.17902,-114.33368,2014-11-07,1,-1,0.1,-0.6
SNOTEL,SEVENTYSIX CREEK,746:NV:SNTL,7100,False,-8,41.73732,-115.47215,2014-11-07,,,0.0,0.0
SNOTEL,IMNAVIAT CREEK,968:AK:SCAN,3050,False,-9,68.61683,-149.30017,,,,,
SNOTEL,BEVANS CABIN,1214:UT:SNTL,6430,False,-7,40.46233,-112.2529,2014-11-07,0,-1,0.1,-0.1
SNOTEL,RICE PARK,933:NM:SNTL,8460,False,-7,35.23333,-108.26667,2014-11-07,0,0,0.0,
SNOTEL,BLUE MOUNTAIN SPRING,357:OR:SNTL,5870,False,-8,44.24767,-118.51722,2014-11-07,0,0,0.0,0.0
SNOTEL,BROOKLYN LAKE,367:WY:SNTL,10240,False,-7,41.35885,-106.23209,2014-11-07,1,-1,0.5,0.1
SNOTEL,MIDAS,1206:NV:SNTLT,7000,False,-8,41.2687,-116.8033,2014-11-07,0,0,,
SNOTEL,BEAR CREEK,321:NV:SNTL,8040,False,-8,41.83417,-115.45222,2014-11-07,2,-1,1.0,0.0
SNOTEL,MUD RIDGE,655:OR:SNTL,4070,False,-8,45.25362,-121.73673,2014-11-07,0,0,0.0,0.0
SNOTEL,PARGON CREEK,986:AK:SNTL,100,True,-9,64.9935,-163.10317,,,,,
SNOTEL,FISH LK.,479:OR:SNTL,4660,False,-8,42.3801,-122.34943,2014-11-07,0,0,0.0,0.0
SNOTEL,SHARKSTOOTH,1060:CO:SNTL,10720,False,-7,37.50357,-108.11373,2014-11-07,1,0,0.5,0.0
SNOTEL,ECHO PEAK,463:CA:SNTL,7670,False,-8,38.84903,-120.0785,2014-11-07,1,0,0.0,-0.1
SNOTEL,PARKER PEAK,683:WY:SNTL,9400,False,-7,44.73396,-109.91484,2014-11-07,8,0,2.0,0.1
SNOTEL,HEMLOCK BUTTE,520:ID:SNTL,5810,False,-8,46.48111,-115.63361,2014-11-07,3,-2,1.0,-0.8
SNOTEL,ROCKY BOY,917:MT:SNTL,4700,False,-7,48.17478,-109.64728,2014-11-07,,,0.1,0.1
SNOTEL,NUKA GLACIER,1037:AK:SNTL,1250,False,-9,59.69867,-150.70967,,,,,
SNOTEL,HART MOUNTAIN AM,1218:OR:SNTLT,6400,False,-8,42.48,-119.72,,,,,
SNOTEL,MERCHANT VALLEY,621:UT:SNTL,8703,False,-7,38.30283,-112.43637,2014-11-07,2,-1,0.2,0.0
SNOTEL,SYLVAN ROAD,807:WY:SNTL,7120,False,-7,44.46278,-110.13679,2014-11-07,1,0,0.1,0.0
SNOTEL,MUD FLAT,654:ID:SNTL,5730,False,-7,42.6004,-116.55925,2014-11-07,1,-1,0.1,0.0
SNOTEL,DEER PARK,923:WY:SNTL,9700,False,-7,42.59076,-108.90273,2014-11-07,0,-1,0.0,-0.2
SNOTEL,BLIND PARK,354:SD:SNTL,6890,False,-7,44.10772,-103.97688,2014-11-07,0,0,0.0,0.0
SNOTEL,STAG MOUNTAIN,1203:NV:SNTLT,7800,False,-8,41.4081,-115.4466,2014-11-07,1,0,,
SNOTEL,BILLIE CREEK DIVIDE,344:OR:SNTL,5280,True,-8,42.40717,-122.26617,2014-11-07,0,0,0.1,-0.1
SNOTEL,TRIAL LAKE,828:UT:SNTL,9992,False,-7,40.678,-110.94873,2014-11-07,3,0,1.1,0.1
SNOTEL,YOUNTS PEAK,878:WY:SNTL,8350,False,-7,43.93225,-109.81775,,,,,
SNOTEL,MOON PASS,1124:CO:SNTL,11140,False,-7,37.96661,-106.55837,2014-11-07,4,0,0.8,0.1
SNOTEL,SWAN LAKE MTN,1077:OR:SNTL,6830,True,-8,42.41323,-121.68002,2014-11-07,0,0,0.0,0.0
SNOTEL,PICKLE KEG,691:UT:SNTL,9600,False,-7,39.01217,-111.58255,2014-11-07,1,1,0.0,0.0
SNOTEL,TEUCHET CREEK,951:AK:SNTL,1640,False,-9,64.94583,-145.51667,2014-11-07,7,0,1.4,0.0
SNOTEL,BIG SHEEP AM,1229:OR:SNTLT,6720,False,-8,45.168,-117.086,2014-11-07,0,-1,,
SNOTEL,CURRANT CREEK,432:UT:SNTL,8000,False,-7,40.3575,-111.08993,2014-11-07,0,0,0.0,0.0
SNOTEL,WEARY LAKE,1234:AK:SNTL,100,True,-9,59.13423,-159.09282,,,,,
SNOTEL,TWIN LAKES,836:MT:SNTL,6400,False,-7,46.1438,-114.5056,2014-11-07,4,-3,1.6,-0.2
SNOTEL,SUNFLOWER FLAT,1249:UT:SNTL,9957,False,-7,38.048,-111.33983,2014-11-07,2,2,0.2,0.2
SNOTEL,TEMPLE FORK,1013:UT:SNTL,7406,False,-7,41.793,-111.54605,2014-11-07,1,0,0.6,0.1
SNOTEL,BRUMLEY,369:CO:SNTL,10600,False,-7,39.08766,-106.5417,2014-11-07,2,-2,0.7,0.0
SNOTEL,EMERY CREEK,469:MT:SNTL,4350,False,-7,48.43412,-113.93725,2014-11-07,0,0,0.0,0.0
SNOTEL,COPPER MOUNTAIN,415:CO:SNTL,10550,False,-7,39.48954,-106.17095,2014-11-07,1,0,0.9,0.0
SNOTEL,TROUGH,832:WA:SNTL,5480,True,-8,47.23328,-120.29412,2014-11-07,1,1,0.0,0.0
SNOTEL,MIDDLE FORK CAMP,1014:CO:SNTL,8940,True,-7,39.7956,-106.0273,2014-11-07,1,0,0.1,0.0
SNOTEL,TROUT CREEK AM,1238:OR:SNTLT,7890,False,-8,42.03597,-118.24008,2014-11-07,11,-2,,
SNOTEL,ELK CABIN,921:NM:SNTL,8210,True,-7,35.7043,-105.80675,2014-11-07,1,0,0.2,0.0
SNOTEL,SAN ANTONIO SINK,1172:NM:SNTL,9100,True,-7,36.8622,-106.22502,2014-11-07,0,0,0.3,-0.1
SNOTEL,WARM SPRINGS,850:MT:SNTL,7800,False,-7,46.27368,-113.164,2014-11-07,6,-1,1.4,0.1
SNOTEL,KENAI MOOSE PENS,966:AK:SNTL,300,False,-9,60.727,-150.47517,2014-11-07,0,0,0.2,0.2
SNOTEL,DARKHORSE LAKE,436:MT:SNTL,8600,False,-7,45.17367,-113.5846,2014-11-07,14,-1,3.5,0.0
SNOTEL,SHEEP MTN.,749:ID:SNTL,6570,False,-7,43.20933,-111.68777,2014-11-07,0,,0.2,0.0
SNOTEL,LAKE CREEK R.S.,563:OR:SNTL,5240,False,-8,44.21007,-118.63752,2014-11-07,,,0.0,-0.1
SNOTEL,NORTH LOST TRAIL,669:CO:SNTL,9200,False,-7,39.07813,-107.14389,2014-11-07,4,0,0.7,-0.1
SNOTEL,HAMS FORK,509:WY:SNTL,7840,False,-7,42.146,-110.67833,2014-11-07,0,0,0.0,0.0
SNOTEL,TOWNSEND CREEK,826:WY:SNTL,8700,False,-7,42.69525,-108.89572,2014-11-07,0,0,0.3,0.3
SNOTEL,MORAINE,1035:AK:SNTL,2100,True,-9,61.37727,-148.99917,2014-11-07,0,0,0.1,0.1
SNOTEL,MOONSHINE,636:ID:SNTL,7440,False,-7,44.4147,-113.39812,2014-11-07,,,0.4,0.1
SNOTEL,GREENPOINT,504:OR:SNTL,3310,False,-8,45.62237,-121.70415,2014-11-07,0,0,0.0,0.0
SNOTEL,INDIAN CANYON,543:UT:SNTL,9175,False,-7,39.8915,-110.74605,2014-11-07,0,0,0.3,-0.1
SNOTEL,USU DOC DANIEL,1098:UT:SNTL,8270,False,-7,41.86425,-111.50603,2014-11-07,2,0,0.2,0.1
SNOTEL,SHORT CREEK,753:MT:SNTL,7000,False,-7,44.97572,-111.95215,2014-11-07,1,1,0.3,0.3
SNOTEL,TOKETEE AIRSTRIP,1044:OR:SNTL,3240,False,-8,43.22718,-122.42537,2014-11-07,,,0.0,0.0
SNOTEL,STEEL CREEK PARK,790:UT:SNTL,10200,False,-7,40.9085,-110.50472,2014-11-07,0,0,2.9,0.0
SNOTEL,LAKE ELDORA,564:CO:SNTL,9700,False,-7,39.93678,-105.58956,2014-11-07,0,-1,0.0,0.0
SNOTEL,WOLVERINE,875:WY:SNTL,7650,False,-7,44.80417,-109.657,2014-11-07,0,0,0.1,0.1
SNOTEL,GALENA,489:ID:SNTL,7470,False,-7,43.87722,-114.6725,2014-11-07,3,0,0.6,0.1
SNOTEL,BIG BEND,336:NV:SNTL,6700,False,-8,41.76168,-115.6931,2014-11-07,,,0.2,0.1
SNOTEL,TONY GROVE RS,1113:UT:SNTL,6332,False,-7,41.88573,-111.56918,2014-11-07,0,-1,0.1,0.0
SNOTEL,PIERCE R.S.,1142:ID:SNTL,3080,False,-8,46.495,-115.79612,2014-11-07,0,-1,0.0,0.0
SNOTEL,SWEDE PEAK,805:ID:SNTL,7640,False,-7,43.626,-113.96887,2014-11-07,3,-1,0.9,0.0
SNOTEL,SPUD MOUNTAIN,780:CO:SNTL,10660,False,-7,37.69866,-107.77715,2014-11-07,2,0,0.9,-0.1
SNOTEL,KILFOIL CREEK,1145:UT:SNTL,7220,False,-7,39.58611,-111.41255,2014-11-07,0,0,0.2,0.1
SNOTEL,DISASTER PEAK,445:NV:SNTL,6500,False,-8,41.96735,-118.18942,2014-11-07,0,-1,0.0,-0.1
SNOTEL,SECESH SUMMIT,740:ID:SNTL,6520,True,-7,45.1885,-115.97305,2014-11-07,0,0,0.1,-0.1
SNOTEL,SOLDIER PARK,1132:WY:SNTL,8720,False,-7,44.34847,-107.0136,2014-11-07,0,0,0.0,0.0
SNOTEL,ROUGH AND TUMBLE,939:CO:SNTL,10360,False,-7,39.03333,-106.08333,2014-11-07,0,0,0.1,0.0
SNOTEL,TONY GROVE LAKE,823:UT:SNTL,8474,False,-7,41.89833,-111.62957,2014-11-07,0,-1,0.2,-0.2
SNOTEL,POINT MACKENZIE,1002:AK:SNTL,250,False,-9,61.3898,-150.02667,2014-11-07,2,2,0.0,0.0
SNOTEL,CARROT BASIN,385:MT:SNTL,9000,False,-7,44.96192,-111.29403,2014-11-07,7,0,2.1,0.1
SNOTEL,RED HILL,712:OR:SNTL,4410,False,-8,45.4643,-121.70428,2014-11-07,0,,0.0,0.0
SNOTEL,LYNX PASS,607:CO:SNTL,8880,False,-7,40.07806,-106.67028,2014-11-07,0,0,0.0,0.0
SNOTEL,WHISKEY PARK,859:WY:SNTL,8950,False,-7,41.00289,-106.90848,2014-11-07,2,0,0.7,0.0
SNOTEL,WHITE PASS E.S.,863:WA:SNTL,4440,False,-8,46.64142,-121.38153,2014-11-07,,,0.1,0.0
SNOTEL,BIG CREEK SUM,337:NV:SNTL,8695,True,-8,39.29158,-117.11415,2014-11-07,2,-1,0.5,0.0
SNOTEL,MONUMENT PEAK,635:MT:SNTL,8850,False,-7,45.21759,-110.237,2014-11-07,3,-1,0.9,0.1
SNOTEL,ONION PARK,1008:MT:SNTL,7410,True,-7,46.91348,-110.8536,2014-11-07,1,-1,0.4,-0.1
SNOTEL,TAHOE CITY CROSS,809:CA:SNTL,6797,False,-8,39.17162,-120.15362,2014-11-07,,,0.0,0.0
SNOTEL,BRISTLECONE TRAIL,1111:NV:SNTL,8979,True,-8,36.31575,-115.69543,2014-11-07,0,0,0.3,-0.2
SNOTEL,TIMBER CREEK,819:WY:SNTL,7950,False,-7,44.0274,-109.17879,2014-11-07,0,0,0.0,0.0
SNOTEL,KING'S CABIN,559:UT:SNTL,8724,False,-7,40.71633,-109.54403,2014-11-07,2,0,0.4,0.2
SNOTEL,MIDDLE CREEK,624:CO:SNTL,11250,False,-7,37.61978,-107.03482,2014-11-07,7,-1,2.1,0.0
SNOTEL,BLACK MOUNTAIN,1161:CO:SNTL,8920,False,-7,40.888,-105.66397,2014-11-07,4,0,1.0,0.1
SNOTEL,BIRD CREEK,1155:NV:SNTL,7500,False,-7,39.46138,-114.64863,2014-11-07,0,0,0.1,0.0
SNOTEL,GBRC HQ,1221:UT:SNTL,8541,False,-7,39.32067,-111.4879,2014-11-07,0,-1,0.2,-0.2
SNOTEL,PARK RESERVOIR,682:CO:SNTL,9960,False,-7,39.04644,-107.87414,2014-11-07,4,-1,0.8,-0.1
SNOTEL,SNOWBIRD,766:UT:SNTL,9640,False,-7,40.564,-111.655,2014-11-07,4,0,1.2,0.0
SNOTEL,PEAVINE RIDGE,687:OR:SNTL,3420,False,-8,45.04148,-121.93252,2014-11-07,0,0,0.0,0.0
SNOTEL,TAYLOR BUTTE,810:OR:SNTL,5030,False,-8,42.69108,-121.42592,2014-11-07,,,0.0,0.0
SNOTEL,STILLWATER CREEK,793:CO:SNTL,8720,False,-7,40.22543,-105.91977,2014-11-07,0,0,0.0,0.0
SNOTEL,KELLEY R.S.,554:WY:SNTL,8180,False,-7,42.2689,-110.8056,2014-11-07,1,0,0.5,0.1
SNOTEL,SILVIES,759:OR:SNTL,6990,False,-8,42.75333,-118.68785,2014-11-07,0,,,
SNOTEL,ARAPAHO RIDGE,1030:CO:SNTL,10960,True,-7,40.35098,-106.38142,2014-11-07,8,0,1.7,0.0
SNOTEL,PORPHYRY CREEK,701:CO:SNTL,10760,False,-7,38.48884,-106.33965,2014-11-07,1,0,0.3,0.0
SNOTEL,WAGER GULCH,1188:CO:SNTL,11100,True,-7,37.88248,-107.3643,2014-11-07,2,-2,1.0,0.0
SNOTEL,HORSE MEADOW,1050:CA:SNTL,8557,False,-8,38.83652,-119.88732,2014-11-07,,,0.1,0.0
SNOTEL,PARLEY'S SUMMIT,684:UT:SNTL,7500,False,-7,40.762,-111.6285,2014-11-07,,,0.0,0.0
SNOTEL,SMITH CREEK,1235:NV:SNTLT,7600,False,-7,40.44675,-115.51147,2014-11-07,1,0,,
SNOTEL,PORTER CANYON,2170:NV:SCAN,7198,False,-8,39.46593,-117.62162,2014-11-07,0,0,,
SNOTEL,GRANITE CREEK,497:WY:SNTL,6770,False,-7,43.34298,-110.43495,2014-11-07,0,-1,0.0,0.0
SNOTEL,MONAHAN FLAT,1094:AK:SNTL,2710,False,-9,63.30533,-147.64633,2014-11-07,6,0,,
SNOTEL,LILY LAKE,579:UT:SNTL,9156,False,-7,40.86483,-110.79805,2014-11-07,0,0,0.0,0.0
SNOTEL,LEWIS PEAK,1006:NV:SNTL,7400,False,-8,40.35757,-116.86492,2014-11-07,1,-1,0.3,-0.3
SNOTEL,MT. HOWARD,653:OR:SNTL,7910,False,-8,45.26522,-117.17373,2014-11-07,,,0.3,-0.7
SNOTEL,BLACK FLAT-U.M. CK,348:UT:SNTL,9462,False,-7,38.67983,-111.59772,2014-11-07,1,1,0.1,0.1
SNOTEL,LITTLE VALLEY,1242:NV:SNTL,6510,False,-7,39.25305,-119.87717,2014-11-07,0,-1,0.3,0.1
SNOTEL,MCNEIL RIVER SGS,1191:AK:SNTL,140,True,-9,59.08332,-154.27543,2014-11-07,1,-1,,
SNOTEL,KANTISHNA,1072:AK:SNTL,1550,False,-9,63.54167,-150.994,2014-11-07,112,106,,
SNOTEL,BURNT MTN,981:MT:SNTL,5880,False,-7,45.2401,-109.45961,2014-11-07,0,0,0.0,0.0
SNOTEL,LOVELL SUMMIT,2146:NV:SCAN,6593,False,-8,36.16555,-115.61195,2014-11-07,1,0,,
SNOTEL,HICKERSON PARK,522:UT:SNTL,9145,False,-7,40.9065,-109.9629,2014-11-07,1,-1,0.0,-0.2
SNOTEL,FORT YUKON,961:AK:SNTL,430,True,-9,66.5705,-145.24553,2014-11-07,4,0,,
SNOTEL,HOZOMEEN CAMP,991:WA:SNTL,1690,True,-8,48.98075,-121.07976,,,,,
SNOTEL,GROUSE CAMP,507:WA:SNTL,5390,True,-8,47.28107,-120.48771,2014-11-07,0,0,0.0,0.0
SNOTEL,SHUREE,1169:NM:SNTL,10100,True,-7,36.78778,-105.23999,2014-11-07,1,1,0.2,0.0
SNOTEL,LITTLE BEAR,582:UT:SNTL,6544,False,-7,41.4055,-111.82612,2014-11-07,0,0,0.6,0.0
SNOTEL,MONUMENT CREEK,949:AK:SNTL,1850,True,-9,65.07833,-145.87067,2014-11-07,7,0,1.1,-0.1
SNOTEL,MOLAS LAKE,632:CO:SNTL,10500,False,-7,37.74932,-107.68866,2014-11-07,2,0,1.5,0.2
SNOTEL,MESA LAKES,622:CO:SNTL,10000,False,-7,39.05831,-108.05835,2014-11-07,1,-1,0.1,0.1
SNOTEL,BEAVER PASS,990:WA:SNTL,3630,False,-8,48.8793,-121.2555,2014-11-07,0,0,0.0,0.0
SNOTEL,WEBSTER FLAT,853:UT:SNTL,9203,False,-7,37.575,-112.90155,2014-11-07,0,-1,0.0,-0.3
SNOTEL,THUNDER BASIN,817:WA:SNTL,4320,False,-8,48.52753,-120.9895,2014-11-07,0,,0.1,0.0
SNOTEL,DONKEY RESERVOIR,452:UT:SNTL,9800,False,-7,38.20933,-111.4825,2014-11-07,3,0,1.5,0.9
SNOTEL,FIVE POINTS LAKE,481:UT:SNTL,10940,False,-7,40.71783,-110.46723,2014-11-07,2,-2,0.9,0.4
SNOTEL,DRY CREEK,1243:NV:SNTL,6500,False,-7,40.86208,-115.22078,2014-11-07,2,-1,0.3,0.1
SNOTEL,GOLCONDA,1195:NV:SNTL,6596,False,-8,40.88358,-117.58812,2014-11-07,0,-1,0.5,-0.3
SNOTEL,MT ROSE SKI AREA,652:NV:SNTL,8801,False,-8,39.31573,-119.89473,2014-11-07,1,0,0.3,-0.1
SNOTEL,COZY COVE,423:ID:SNTL,5380,False,-7,44.28783,-115.65527,2014-11-07,0,0,0.1,0.0
SNOTEL,WALDRON,847:MT:SNTL,5600,False,-7,47.91998,-112.79087,2014-11-07,0,0,0.0,0.0
SNOTEL,BOX CREEK,364:UT:SNTL,9828,False,-7,38.508,-112.0186,2014-11-07,1,1,0.2,0.2
SNOTEL,APISHAPA,303:CO:SNTL,10000,False,-7,37.33062,-105.06749,2014-11-07,0,0,0.0,0.0
